geo_code,geo_name,year,intermediate_consumption_mio_eur
EU27_2020,European Union - 27 countries (from 2020),2012,663826.5
EU27_2020,European Union - 27 countries (from 2020),2013,674658.0
EU27_2020,European Union - 27 countries (from 2020),2014,685546.1
EU27_2020,European Union - 27 countries (from 2020),2015,700360.2
EU27_2020,European Union - 27 countries (from 2020),2016,717871.3
EU27_2020,European Union - 27 countries (from 2020),2017,742024.5
EU27_2020,European Union - 27 countries (from 2020),2018,767453.6
EU27_2020,European Union - 27 countries (from 2020),2019,800637.6
EU27_2020,European Union - 27 countries (from 2020),2020,840617.0
EU27_2020,European Union - 27 countries (from 2020),2021,914211.9
EU27_2020,European Union - 27 countries (from 2020),2022,986381.3
EU27_2020,European Union - 27 countries (from 2020),2023,1048588.4
BE,Belgium,2012,16525.6
BE,Belgium,2013,16431.5
BE,Belgium,2014,17039.0
BE,Belgium,2015,16941.3
BE,Belgium,2016,17463.1
BE,Belgium,2017,17888.3
BE,Belgium,2018,19070.1
BE,Belgium,2019,19678.6
BE,Belgium,2020,19903.1
BE,Belgium,2021,21376.1
BE,Belgium,2022,23961.2
BE,Belgium,2023,25369.2
BG,Bulgaria,2012,2254.8
BG,Bulgaria,2013,2386.9
BG,Bulgaria,2014,2349.1
BG,Bulgaria,2015,2383.2
BG,Bulgaria,2016,2326.5
BG,Bulgaria,2017,2517.9
BG,Bulgaria,2018,2708.1
BG,Bulgaria,2019,2801.4
BG,Bulgaria,2020,3172.8
BG,Bulgaria,2021,3690.9
BG,Bulgaria,2022,4446.3
BG,Bulgaria,2023,4604.4
CZ,Czechia,2012,10308.7
CZ,Czechia,2013,10390.0
CZ,Czechia,2014,9952.0
CZ,Czechia,2015,10393.2
CZ,Czechia,2016,10781.6
CZ,Czechia,2017,11260.8
CZ,Czechia,2018,12646.3
CZ,Czechia,2019,13210.7
CZ,Czechia,2020,13082.9
CZ,Czechia,2021,13819.1
CZ,Czechia,2022,16046.6
CZ,Czechia,2023,17934.3
DK,Denmark,2012,23954.1
DK,Denmark,2013,23926.8
DK,Denmark,2014,24320.7
DK,Denmark,2015,24546.1
DK,Denmark,2016,24988.3
DK,Denmark,2017,25723.5
DK,Denmark,2018,26255.5
DK,Denmark,2019,26397.2
DK,Denmark,2020,27656.9
DK,Denmark,2021,29427.3
DK,Denmark,2022,30358.4
DK,Denmark,2023,30548.8
DE,Germany,2012,145499.0
DE,Germany,2013,151856.0
DE,Germany,2014,157080.0
DE,Germany,2015,163692.0
DE,Germany,2016,173672.0
DE,Germany,2017,181054.0
DE,Germany,2018,188173.0
DE,Germany,2019,199498.0
DE,Germany,2020,226880.0
DE,Germany,2021,243732.0
DE,Germany,2022,257101.0
DE,Germany,2023,265841.0
EE,Estonia,2012,1173.0
EE,Estonia,2013,1236.8
EE,Estonia,2014,1313.6
EE,Estonia,2015,1371.7
EE,Estonia,2016,1468.5
EE,Estonia,2017,1572.4
EE,Estonia,2018,1664.1
EE,Estonia,2019,1837.5
EE,Estonia,2020,1755.9
EE,Estonia,2021,1970.0
EE,Estonia,2022,2269.8
EE,Estonia,2023,2459.5
IE,Ireland,2012,8719.4
IE,Ireland,2013,8307.6
IE,Ireland,2014,9011.0
IE,Ireland,2015,9559.6
IE,Ireland,2016,10082.9
IE,Ireland,2017,10448.1
IE,Ireland,2018,11213.2
IE,Ireland,2019,12425.6
IE,Ireland,2020,14628.9
IE,Ireland,2021,16072.9
IE,Ireland,2022,17300.3
IE,Ireland,2023,19243.1
EL,Greece,2012,9583.0
EL,Greece,2013,8586.0
EL,Greece,2014,8852.0
EL,Greece,2015,8897.0
EL,Greece,2016,9314.0
EL,Greece,2017,9403.0
EL,Greece,2018,8589.0
EL,Greece,2019,8750.0
EL,Greece,2020,9127.0
EL,Greece,2021,10509.0
EL,Greece,2022,11581.0
EL,Greece,2023,12341.0
ES,Spain,2012,58351.0
ES,Spain,2013,55632.0
ES,Spain,2014,56073.0
ES,Spain,2015,58330.0
ES,Spain,2016,58080.0
ES,Spain,2017,59203.0
ES,Spain,2018,61627.0
ES,Spain,2019,64416.0
ES,Spain,2020,66231.0
ES,Spain,2021,71270.0
ES,Spain,2022,79029.0
ES,Spain,2023,85551.0
FR,France,2012,111816.2
FR,France,2013,114111.0
FR,France,2014,113863.6
FR,France,2015,115582.8
FR,France,2016,116204.0
FR,France,2017,120636.0
FR,France,2018,122878.0
FR,France,2019,126711.6
FR,France,2020,126408.8
FR,France,2021,136081.3
FR,France,2022,145879.0
FR,France,2023,157695.6
HR,Croatia,2012,3671.0
HR,Croatia,2013,3690.6
HR,Croatia,2014,3780.7
HR,Croatia,2015,3784.3
HR,Croatia,2016,3923.0
HR,Croatia,2017,4095.4
HR,Croatia,2018,4292.5
HR,Croatia,2019,4699.6
HR,Croatia,2020,4435.8
HR,Croatia,2021,4915.8
HR,Croatia,2022,5258.1
HR,Croatia,2023,6083.8
IT,Italy,2012,91538.0
IT,Italy,2013,92708.0
IT,Italy,2014,91867.0
IT,Italy,2015,93266.0
IT,Italy,2016,96900.0
IT,Italy,2017,98765.0
IT,Italy,2018,100520.0
IT,Italy,2019,101050.0
IT,Italy,2020,102351.0
IT,Italy,2021,111433.0
IT,Italy,2022,119946.0
IT,Italy,2023,120161.0
CY,Cyprus,2012,835.1
CY,Cyprus,2013,746.8
CY,Cyprus,2014,651.4
CY,Cyprus,2015,698.8
CY,Cyprus,2016,681.3
CY,Cyprus,2017,737.8
CY,Cyprus,2018,824.7
CY,Cyprus,2019,1023.9
CY,Cyprus,2020,939.3
CY,Cyprus,2021,1103.5
CY,Cyprus,2022,1297.9
CY,Cyprus,2023,1365.5
LV,Latvia,2012,1388.8
LV,Latvia,2013,1478.5
LV,Latvia,2014,1540.4
LV,Latvia,2015,1585.2
LV,Latvia,2016,1521.1
LV,Latvia,2017,1616.3
LV,Latvia,2018,1710.0
LV,Latvia,2019,1939.1
LV,Latvia,2020,1967.1
LV,Latvia,2021,2080.0
LV,Latvia,2022,2589.9
LV,Latvia,2023,2444.0
LT,Lithuania,2012,1671.5
LT,Lithuania,2013,1643.6
LT,Lithuania,2014,1699.2
LT,Lithuania,2015,1861.1
LT,Lithuania,2016,1834.5
LT,Lithuania,2017,1915.6
LT,Lithuania,2018,1953.4
LT,Lithuania,2019,2104.8
LT,Lithuania,2020,2237.8
LT,Lithuania,2021,2420.4
LT,Lithuania,2022,2899.3
LT,Lithuania,2023,2974.3
LU,Luxembourg,2012,1923.5
LU,Luxembourg,2013,1916.8
LU,Luxembourg,2014,1966.0
LU,Luxembourg,2015,2148.9
LU,Luxembourg,2016,2280.2
LU,Luxembourg,2017,2359.1
LU,Luxembourg,2018,2471.1
LU,Luxembourg,2019,2659.2
LU,Luxembourg,2020,2791.6
LU,Luxembourg,2021,3026.7
LU,Luxembourg,2022,3445.2
LU,Luxembourg,2023,3659.5
HU,Hungary,2012,7352.3
HU,Hungary,2013,7586.2
HU,Hungary,2014,8135.7
HU,Hungary,2015,8816.1
HU,Hungary,2016,8689.7
HU,Hungary,2017,10356.8
HU,Hungary,2018,11144.7
HU,Hungary,2019,12780.9
HU,Hungary,2020,12174.8
HU,Hungary,2021,13436.5
HU,Hungary,2022,14568.9
HU,Hungary,2023,17281.1
MT,Malta,2012,487.5
MT,Malta,2013,478.1
MT,Malta,2014,522.4
MT,Malta,2015,594.2
MT,Malta,2016,627.1
MT,Malta,2017,717.1
MT,Malta,2018,830.4
MT,Malta,2019,968.7
MT,Malta,2020,1189.8
MT,Malta,2021,1247.1
MT,Malta,2022,1301.2
MT,Malta,2023,1477.5
NL,Netherlands,2012,41920.0
NL,Netherlands,2013,41853.0
NL,Netherlands,2014,43802.0
NL,Netherlands,2015,43306.0
NL,Netherlands,2016,43035.0
NL,Netherlands,2017,43966.0
NL,Netherlands,2018,46552.0
NL,Netherlands,2019,48882.0
NL,Netherlands,2020,51122.0
NL,Netherlands,2021,56856.0
NL,Netherlands,2022,60563.0
NL,Netherlands,2023,67353.0
AT,Austria,2012,20613.6
AT,Austria,2013,21146.4
AT,Austria,2014,21448.1
AT,Austria,2015,22073.2
AT,Austria,2016,22656.2
AT,Austria,2017,23083.0
AT,Austria,2018,23915.1
AT,Austria,2019,24943.7
AT,Austria,2020,25905.2
AT,Austria,2021,30154.5
AT,Austria,2022,31670.6
AT,Austria,2023,32989.2
PL,Poland,2012,22106.5
PL,Poland,2013,22329.6
PL,Poland,2014,23454.3
PL,Poland,2015,24420.9
PL,Poland,2016,23654.8
PL,Poland,2017,25836.0
PL,Poland,2018,28139.6
PL,Poland,2019,30241.5
PL,Poland,2020,30493.0
PL,Poland,2021,34061.9
PL,Poland,2022,41424.5
PL,Poland,2023,49604.0
PT,Portugal,2012,9580.7
PT,Portugal,2013,9482.6
PT,Portugal,2014,9743.6
PT,Portugal,2015,9905.7
PT,Portugal,2016,10269.1
PT,Portugal,2017,10484.4
PT,Portugal,2018,10747.0
PT,Portugal,2019,10917.3
PT,Portugal,2020,10922.9
PT,Portugal,2021,11965.5
PT,Portugal,2022,13156.2
PT,Portugal,2023,14025.9
RO,Romania,2012,7994.1
RO,Romania,2013,8243.7
RO,Romania,2014,9103.4
RO,Romania,2015,9511.3
RO,Romania,2016,9509.0
RO,Romania,2017,9763.3
RO,Romania,2018,10241.3
RO,Romania,2019,12592.5
RO,Romania,2020,12986.0
RO,Romania,2021,14321.1
RO,Romania,2022,16019.3
RO,Romania,2023,19648.2
SI,Slovenia,2012,2487.2
SI,Slovenia,2013,2470.7
SI,Slovenia,2014,2467.0
SI,Slovenia,2015,2560.0
SI,Slovenia,2016,2599.3
SI,Slovenia,2017,2699.9
SI,Slovenia,2018,2857.1
SI,Slovenia,2019,2931.5
SI,Slovenia,2020,2867.6
SI,Slovenia,2021,3407.1
SI,Slovenia,2022,3757.5
SI,Slovenia,2023,4178.4
SK,Slovakia,2012,4293.3
SK,Slovakia,2013,4301.9
SK,Slovakia,2014,4391.1
SK,Slovakia,2015,4730.9
SK,Slovakia,2016,4525.0
SK,Slovakia,2017,4837.4
SK,Slovakia,2018,4894.7
SK,Slovakia,2019,5092.4
SK,Slovakia,2020,5154.7
SK,Slovakia,2021,5716.8
SK,Slovakia,2022,6597.8
SK,Slovakia,2023,6646.9
FI,Finland,2012,21371.0
FI,Finland,2013,22365.0
FI,Finland,2014,22566.0
FI,Finland,2015,20822.0
FI,Finland,2016,21169.0
FI,Finland,2017,21570.0
FI,Finland,2018,22466.0
FI,Finland,2019,23382.0
FI,Finland,2020,24141.0
FI,Finland,2021,26092.0
FI,Finland,2022,27797.0
FI,Finland,2023,31471.0
SE,Sweden,2012,36407.6
SE,Sweden,2013,39351.9
SE,Sweden,2014,38553.7
SE,Sweden,2015,38578.8
SE,Sweden,2016,39616.0
SE,Sweden,2017,39514.4
SE,Sweden,2018,39069.5
SE,Sweden,2019,38701.9
SE,Sweden,2020,40090.0
SE,Sweden,2021,44025.4
SE,Sweden,2022,46116.4
SE,Sweden,2023,45637.2
