country_code,country_name,country_iso3,year,expense_pct_gdp
ZH,Africa Eastern and Southern,AFE,2022,25.9905774541901
ZH,Africa Eastern and Southern,AFE,2021,26.1687183256931
ZH,Africa Eastern and Southern,AFE,2020,27.3525034745624
ZH,Africa Eastern and Southern,AFE,2019,23.5814572664402
ZH,Africa Eastern and Southern,AFE,2018,23.2799567395582
ZH,Africa Eastern and Southern,AFE,2017,23.1504016667731
ZH,Africa Eastern and Southern,AFE,2016,22.1248209106902
ZH,Africa Eastern and Southern,AFE,2015,23.1083859050964
ZH,Africa Eastern and Southern,AFE,2014,23.9291254016154
ZH,Africa Eastern and Southern,AFE,2013,23.9459243617254
ZH,Africa Eastern and Southern,AFE,2012,22.5694843962459
ZH,Africa Eastern and Southern,AFE,2011,24.8973288235942
ZH,Africa Eastern and Southern,AFE,2010,22.4852352412452
1A,Arab World,ARB,2015,23.3108111411
1A,Arab World,ARB,2014,22.7582354028481
S3,Caribbean small states,CSS,2017,28.2671938578821
S3,Caribbean small states,CSS,2016,28.1207038706018
S3,Caribbean small states,CSS,2015,27.776356325174
S3,Caribbean small states,CSS,2014,26.1742107965682
S3,Caribbean small states,CSS,2013,25.4433989414801
S3,Caribbean small states,CSS,2012,24.8792075712051
S3,Caribbean small states,CSS,2011,24.1120321670187
S3,Caribbean small states,CSS,2010,25.8072756188662
B8,Central Europe and the Baltics,CEB,2022,37.2513505164288
B8,Central Europe and the Baltics,CEB,2021,38.3779478535932
B8,Central Europe and the Baltics,CEB,2020,40.4121942183306
B8,Central Europe and the Baltics,CEB,2019,34.731426747612
B8,Central Europe and the Baltics,CEB,2018,34.1849365999348
B8,Central Europe and the Baltics,CEB,2017,34.6112259520609
B8,Central Europe and the Baltics,CEB,2016,35.6200752694187
B8,Central Europe and the Baltics,CEB,2015,35.7999345758121
B8,Central Europe and the Baltics,CEB,2014,36.5311795911063
B8,Central Europe and the Baltics,CEB,2013,36.9820329132335
B8,Central Europe and the Baltics,CEB,2012,36.411466614226
B8,Central Europe and the Baltics,CEB,2011,36.548430256036
B8,Central Europe and the Baltics,CEB,2010,37.556153852249
V2,Early-demographic dividend,EAR,2022,21.2565676107936
V2,Early-demographic dividend,EAR,2018,21.7167557762103
V2,Early-demographic dividend,EAR,2017,21.5101876125781
V2,Early-demographic dividend,EAR,2016,21.5649136146658
V2,Early-demographic dividend,EAR,2015,22.1064867543344
V2,Early-demographic dividend,EAR,2014,21.8304723620931
V2,Early-demographic dividend,EAR,2013,21.8254760782733
V2,Early-demographic dividend,EAR,2012,21.4409929762697
V2,Early-demographic dividend,EAR,2011,20.8927729710394
V2,Early-demographic dividend,EAR,2010,21.8922988880367
XC,Euro area,EMU,2022,40.0326007423725
XC,Euro area,EMU,2021,41.8076750691201
XC,Euro area,EMU,2020,42.8233543196377
XC,Euro area,EMU,2019,36.8419624083791
XC,Euro area,EMU,2018,37.0468053101098
XC,Euro area,EMU,2017,37.5135468413339
XC,Euro area,EMU,2016,37.8267979146039
XC,Euro area,EMU,2015,38.2631310900511
XC,Euro area,EMU,2014,39.0600768293097
XC,Euro area,EMU,2013,39.5690977564051
XC,Euro area,EMU,2012,39.5687781186218
XC,Euro area,EMU,2011,38.5228241579627
XC,Euro area,EMU,2010,40.0935530547178
Z7,Europe & Central Asia,ECS,2023,38.9555365149366
Z7,Europe & Central Asia,ECS,2022,37.1669784580071
Z7,Europe & Central Asia,ECS,2021,38.74977157727
Z7,Europe & Central Asia,ECS,2020,40.887590250625
Z7,Europe & Central Asia,ECS,2019,34.8394937142509
Z7,Europe & Central Asia,ECS,2018,34.8800866068871
Z7,Europe & Central Asia,ECS,2017,35.3072321530517
Z7,Europe & Central Asia,ECS,2016,35.5616188120201
Z7,Europe & Central Asia,ECS,2015,35.8703051737482
Z7,Europe & Central Asia,ECS,2014,36.1777110686429
Z7,Europe & Central Asia,ECS,2013,36.4019288037204
Z7,Europe & Central Asia,ECS,2012,36.7771400582337
Z7,Europe & Central Asia,ECS,2011,35.9898619805567
Z7,Europe & Central Asia,ECS,2010,37.7293053518241
7E,Europe & Central Asia (excluding high income),ECA,2023,32.2965636122817
7E,Europe & Central Asia (excluding high income),ECA,2022,28.920515435417
7E,Europe & Central Asia (excluding high income),ECA,2021,28.2156282674928
7E,Europe & Central Asia (excluding high income),ECA,2020,30.881436924905
7E,Europe & Central Asia (excluding high income),ECA,2019,30.3003733086727
7E,Europe & Central Asia (excluding high income),ECA,2018,28.9554182826958
7E,Europe & Central Asia (excluding high income),ECA,2017,28.832121817411
7E,Europe & Central Asia (excluding high income),ECA,2016,28.0807498165305
7E,Europe & Central Asia (excluding high income),ECA,2015,27.1543807652408
7E,Europe & Central Asia (excluding high income),ECA,2014,27.7485542161503
7E,Europe & Central Asia (excluding high income),ECA,2013,27.0300340757423
7E,Europe & Central Asia (excluding high income),ECA,2012,27.388151593667
7E,Europe & Central Asia (excluding high income),ECA,2011,27.2648915635282
7E,Europe & Central Asia (excluding high income),ECA,2010,30.3498384310219
T7,Europe & Central Asia (IDA & IBRD countries),TEC,2023,32.1130462549152
T7,Europe & Central Asia (IDA & IBRD countries),TEC,2022,31.4656406168848
T7,Europe & Central Asia (IDA & IBRD countries),TEC,2021,31.0608419548302
T7,Europe & Central Asia (IDA & IBRD countries),TEC,2020,34.5084642643557
T7,Europe & Central Asia (IDA & IBRD countries),TEC,2019,30.7532381501653
T7,Europe & Central Asia (IDA & IBRD countries),TEC,2018,29.8065188312525
T7,Europe & Central Asia (IDA & IBRD countries),TEC,2017,30.587151761361
T7,Europe & Central Asia (IDA & IBRD countries),TEC,2016,30.5390315022742
T7,Europe & Central Asia (IDA & IBRD countries),TEC,2015,30.02515005371
T7,Europe & Central Asia (IDA & IBRD countries),TEC,2014,28.6470779165384
T7,Europe & Central Asia (IDA & IBRD countries),TEC,2013,27.5877363599989
T7,Europe & Central Asia (IDA & IBRD countries),TEC,2012,27.4347756067505
T7,Europe & Central Asia (IDA & IBRD countries),TEC,2011,27.0779822159386
T7,Europe & Central Asia (IDA & IBRD countries),TEC,2010,30.2523813096619
EU,European Union,EUU,2022,39.3355324357129
EU,European Union,EUU,2021,41.0526299848787
EU,European Union,EUU,2020,42.2085679492807
EU,European Union,EUU,2019,36.4012171650537
EU,European Union,EUU,2018,36.5839994291416
EU,European Union,EUU,2017,37.0249772459158
EU,European Union,EUU,2016,37.3799416896748
EU,European Union,EUU,2015,37.8174605685934
EU,European Union,EUU,2014,38.6192100277364
EU,European Union,EUU,2013,39.1146716805961
EU,European Union,EUU,2012,39.1108524656508
EU,European Union,EUU,2011,38.1416879659153
EU,European Union,EUU,2010,39.6063135355156
XE,Heavily indebted poor countries (HIPC),HPC,2020,15.7457343451936
XE,Heavily indebted poor countries (HIPC),HPC,2019,14.4112204205046
XE,Heavily indebted poor countries (HIPC),HPC,2018,14.2698842835121
XE,Heavily indebted poor countries (HIPC),HPC,2017,15.2111484327422
XE,Heavily indebted poor countries (HIPC),HPC,2016,14.8457575239277
XE,Heavily indebted poor countries (HIPC),HPC,2015,14.8233909564884
XE,Heavily indebted poor countries (HIPC),HPC,2014,14.9999267807357
XE,Heavily indebted poor countries (HIPC),HPC,2013,14.8551194675525
XE,Heavily indebted poor countries (HIPC),HPC,2012,15.7725481460669
XE,Heavily indebted poor countries (HIPC),HPC,2010,15.5259191232218
XD,High income,,2023,30.3403214146575
XD,High income,,2022,29.7280025208808
XD,High income,,2021,33.2055355534327
XD,High income,,2020,34.7240231899615
XD,High income,,2019,27.1771968713561
XD,High income,,2018,26.9781698826958
XD,High income,,2017,27.1493863097107
XD,High income,,2016,27.4403078424527
XD,High income,,2015,27.6422374785016
XD,High income,,2014,27.792274406151
XD,High income,,2013,28.0602027454987
XD,High income,,2012,28.6060071313124
XD,High income,,2011,28.6348883665394
XD,High income,,2010,29.6631757709242
XI,IDA only,IDX,2021,14.1983892375685
XI,IDA only,IDX,2020,14.6682176872566
XI,IDA only,IDX,2019,13.558143159686
XI,IDA only,IDX,2018,12.5444692072192
XI,IDA only,IDX,2017,13.9396547358627
XI,IDA only,IDX,2016,13.7083932258627
XI,IDA only,IDX,2015,14.2215887927733
XI,IDA only,IDX,2014,14.2920961755202
XI,IDA only,IDX,2013,13.8520646488424
XI,IDA only,IDX,2012,14.1214112046702
XI,IDA only,IDX,2010,14.2880616133899
ZJ,Latin America & Caribbean,LCN,2023,27.5737547862523
ZJ,Latin America & Caribbean,LCN,2022,27.2520510028938
ZJ,Latin America & Caribbean,LCN,2021,26.4400421789057
ZJ,Latin America & Caribbean,LCN,2020,29.322264026012
ZJ,Latin America & Caribbean,LCN,2019,26.0193530991841
ZJ,Latin America & Caribbean,LCN,2018,26.3189906733964
ZJ,Latin America & Caribbean,LCN,2017,26.2960782789672
ZJ,Latin America & Caribbean,LCN,2016,27.1717859040094
ZJ,Latin America & Caribbean,LCN,2015,27.1986550731423
ZJ,Latin America & Caribbean,LCN,2014,25.4412993739285
ZJ,Latin America & Caribbean,LCN,2013,25.2098264664552
ZJ,Latin America & Caribbean,LCN,2012,24.4169560473063
ZJ,Latin America & Caribbean,LCN,2011,24.4519592082967
ZJ,Latin America & Caribbean,LCN,2010,24.2238855258042
XJ,Latin America & Caribbean (excluding high income),LAC,2023,27.6336941781364
XJ,Latin America & Caribbean (excluding high income),LAC,2022,27.3155804291545
XJ,Latin America & Caribbean (excluding high income),LAC,2021,26.1948929847639
XJ,Latin America & Caribbean (excluding high income),LAC,2020,29.5100711895727
XJ,Latin America & Caribbean (excluding high income),LAC,2019,26.1485090599917
XJ,Latin America & Caribbean (excluding high income),LAC,2018,26.5496966912997
XJ,Latin America & Caribbean (excluding high income),LAC,2017,26.5677114060067
XJ,Latin America & Caribbean (excluding high income),LAC,2016,27.4762736769621
XJ,Latin America & Caribbean (excluding high income),LAC,2015,27.5791026956647
XJ,Latin America & Caribbean (excluding high income),LAC,2014,25.7527207762644
XJ,Latin America & Caribbean (excluding high income),LAC,2013,25.4380943161003
XJ,Latin America & Caribbean (excluding high income),LAC,2012,24.6090114017425
XJ,Latin America & Caribbean (excluding high income),LAC,2011,24.7044426701895
XJ,Latin America & Caribbean (excluding high income),LAC,2010,24.3810432696417
T2,Latin America & the Caribbean (IDA & IBRD countries),TLA,2023,27.5898606403284
T2,Latin America & the Caribbean (IDA & IBRD countries),TLA,2022,27.2628138212514
T2,Latin America & the Caribbean (IDA & IBRD countries),TLA,2021,26.4437394335406
T2,Latin America & the Caribbean (IDA & IBRD countries),TLA,2020,29.3294612124591
T2,Latin America & the Caribbean (IDA & IBRD countries),TLA,2019,26.0349346522485
T2,Latin America & the Caribbean (IDA & IBRD countries),TLA,2018,26.3374408043518
T2,Latin America & the Caribbean (IDA & IBRD countries),TLA,2017,26.3096074380773
T2,Latin America & the Caribbean (IDA & IBRD countries),TLA,2016,27.1909249585984
T2,Latin America & the Caribbean (IDA & IBRD countries),TLA,2015,27.2215141480705
T2,Latin America & the Caribbean (IDA & IBRD countries),TLA,2014,25.4611086393541
T2,Latin America & the Caribbean (IDA & IBRD countries),TLA,2013,25.2306009594938
T2,Latin America & the Caribbean (IDA & IBRD countries),TLA,2012,24.4360519127283
T2,Latin America & the Caribbean (IDA & IBRD countries),TLA,2011,24.470654010607
T2,Latin America & the Caribbean (IDA & IBRD countries),TLA,2010,24.2448016476408
XL,Least developed countries: UN classification,LDC,2019,13.0678388565359
XL,Least developed countries: UN classification,LDC,2018,11.9495457446883
XL,Least developed countries: UN classification,LDC,2017,13.5624335551652
XL,Least developed countries: UN classification,LDC,2016,13.4103601785518
XL,Least developed countries: UN classification,LDC,2015,14.1446093389317
XL,Least developed countries: UN classification,LDC,2014,15.4857655201341
XL,Least developed countries: UN classification,LDC,2013,15.1735119569182
XL,Least developed countries: UN classification,LDC,2012,14.1633963888824
XL,Least developed countries: UN classification,LDC,2010,15.0134989391145
XM,Low income,,2016,14.9216934268008
XN,Lower middle income,,2018,15.6907716363835
XN,Lower middle income,,2017,15.7339555206971
XN,Lower middle income,,2016,15.5834520594961
XN,Lower middle income,,2015,16.865046989017
XN,Lower middle income,,2014,17.0624796006252
XN,Lower middle income,,2013,17.8848303042043
XN,Lower middle income,,2012,17.5485400839501
XN,Lower middle income,,2011,16.7965410487826
XN,Lower middle income,,2010,17.7508931334736
XU,North America,NAC,2023,24.416926813003
XU,North America,NAC,2022,24.4656400760807
XU,North America,NAC,2021,31.0012937313036
XU,North America,NAC,2020,31.9559712381764
XU,North America,NAC,2019,22.2910794081564
XU,North America,NAC,2018,21.8962199325496
XU,North America,NAC,2017,21.8937033677062
XU,North America,NAC,2016,22.116508715288
XU,North America,NAC,2015,22.0198932720225
XU,North America,NAC,2014,22.147748800769
XU,North America,NAC,2013,22.4331506287888
XU,North America,NAC,2012,23.3659644241194
XU,North America,NAC,2011,24.7057640441396
XU,North America,NAC,2010,25.4595322499648
OE,OECD members,OED,2023,30.6915960061799
OE,OECD members,OED,2022,29.8306991914804
OE,OECD members,OED,2021,33.3856799881748
OE,OECD members,OED,2020,34.6831061027302
OE,OECD members,OED,2019,27.3188232164571
OE,OECD members,OED,2018,27.1022920437462
OE,OECD members,OED,2017,27.187719528619
OE,OECD members,OED,2016,27.4474228053713
OE,OECD members,OED,2015,27.5717364366267
OE,OECD members,OED,2014,27.9634321604495
OE,OECD members,OED,2013,28.3510180235378
OE,OECD members,OED,2012,28.8780514162035
OE,OECD members,OED,2011,28.9783140303583
OE,OECD members,OED,2010,29.7022501983337
S4,Other small states,OSS,2023,35.0843677448423
S4,Other small states,OSS,2022,34.7859539925422
S4,Other small states,OSS,2021,36.567008825411
S4,Other small states,OSS,2020,38.5112967137319
S4,Other small states,OSS,2019,32.5774134431908
S4,Other small states,OSS,2018,32.9438755392892
S4,Other small states,OSS,2017,31.9043333934659
S4,Other small states,OSS,2016,34.0045370733794
S4,Other small states,OSS,2015,32.9863525718829
S4,Other small states,OSS,2014,36.0624359988471
S4,Other small states,OSS,2013,35.7713971873467
S4,Other small states,OSS,2012,37.6551874810672
S4,Other small states,OSS,2011,35.0879901591643
S4,Other small states,OSS,2010,36.1443124588546
S2,Pacific island small states,PSS,2023,31.3822722794184
S2,Pacific island small states,PSS,2022,33.0650376597036
S2,Pacific island small states,PSS,2021,37.2544805057996
S2,Pacific island small states,PSS,2020,36.3672711403188
S2,Pacific island small states,PSS,2019,32.2037675203405
S2,Pacific island small states,PSS,2018,31.1915687752654
S2,Pacific island small states,PSS,2017,30.4373640837377
S2,Pacific island small states,PSS,2016,29.8639168439277
S2,Pacific island small states,PSS,2015,30.5776760647255
S2,Pacific island small states,PSS,2014,29.96724016102
S2,Pacific island small states,PSS,2013,28.4528324895343
S2,Pacific island small states,PSS,2012,27.2516697147652
S2,Pacific island small states,PSS,2011,26.3793371058782
V4,Post-demographic dividend,PST,2023,30.7622820650393
V4,Post-demographic dividend,PST,2022,29.9933204518792
V4,Post-demographic dividend,PST,2021,33.6429067359736
V4,Post-demographic dividend,PST,2020,34.9759129851229
V4,Post-demographic dividend,PST,2019,27.1752283224083
V4,Post-demographic dividend,PST,2018,26.9960328789995
V4,Post-demographic dividend,PST,2017,27.1289318934473
V4,Post-demographic dividend,PST,2016,27.3914365320767
V4,Post-demographic dividend,PST,2015,27.5858507153221
V4,Post-demographic dividend,PST,2014,27.9244538211549
V4,Post-demographic dividend,PST,2013,28.2747238466944
V4,Post-demographic dividend,PST,2012,28.886979445195
V4,Post-demographic dividend,PST,2011,28.9624130833609
V4,Post-demographic dividend,PST,2010,29.5793996611297
S1,Small states,SST,2019,31.6752784543926
S1,Small states,SST,2018,31.4474005987984
S1,Small states,SST,2017,30.8390261188403
S1,Small states,SST,2016,32.0608102058456
S1,Small states,SST,2015,31.3378390521337
S1,Small states,SST,2014,32.8457031535387
S1,Small states,SST,2013,32.1857984778047
S1,Small states,SST,2012,33.2791599444972
S1,Small states,SST,2011,31.4487527325887
S1,Small states,SST,2010,32.6830337469369
8S,South Asia,SAS,2022,13.4207019661942
8S,South Asia,SAS,2018,15.0560636349637
8S,South Asia,SAS,2017,14.9892698081963
8S,South Asia,SAS,2016,14.6976363029855
8S,South Asia,SAS,2015,14.7089835227707
8S,South Asia,SAS,2014,14.3642596942148
8S,South Asia,SAS,2013,15.9487578319842
8S,South Asia,SAS,2012,15.5874289927861
8S,South Asia,SAS,2011,14.1650505107703
8S,South Asia,SAS,2010,15.9276796536022
T5,South Asia (IDA & IBRD),TSA,2022,13.4207019661942
T5,South Asia (IDA & IBRD),TSA,2018,15.0560636349637
T5,South Asia (IDA & IBRD),TSA,2017,14.9892698081963
T5,South Asia (IDA & IBRD),TSA,2016,14.6976363029855
T5,South Asia (IDA & IBRD),TSA,2015,14.7089835227707
T5,South Asia (IDA & IBRD),TSA,2014,14.3642596942148
T5,South Asia (IDA & IBRD),TSA,2013,15.9487578319842
T5,South Asia (IDA & IBRD),TSA,2012,15.5874289927861
T5,South Asia (IDA & IBRD),TSA,2011,14.1650505107703
T5,South Asia (IDA & IBRD),TSA,2010,15.9276796536022
1W,World,WLD,2022,28.6976431319545
1W,World,WLD,2021,31.9976472936497
1W,World,WLD,2020,33.6403732932226
1W,World,WLD,2019,26.8008704412181
1W,World,WLD,2018,26.2217624199774
1W,World,WLD,2017,26.368229482273
1W,World,WLD,2016,26.6379310029271
1W,World,WLD,2015,26.8243454583713
1W,World,WLD,2014,26.8490066145293
1W,World,WLD,2013,27.1112374543923
1W,World,WLD,2012,27.4753401834727
1W,World,WLD,2011,27.5056314666682
1W,World,WLD,2010,28.4029991155109
AF,Afghanistan,AFG,2017,39.2201099807684
AF,Afghanistan,AFG,2016,43.9227656125389
AF,Afghanistan,AFG,2015,37.0225695736427
AF,Afghanistan,AFG,2014,44.5892994893339
AF,Afghanistan,AFG,2013,42.0936844468805
AF,Afghanistan,AFG,2012,42.3292514484608
AF,Afghanistan,AFG,2011,59.4847758807514
AF,Afghanistan,AFG,2010,50.8630045999057
AL,Albania,ALB,2023,25.4359718739727
AL,Albania,ALB,2022,27.0031497215906
AL,Albania,ALB,2021,24.3983237122662
AL,Albania,ALB,2020,24.6048161574433
AL,Albania,ALB,2019,22.8783961540405
AL,Albania,ALB,2018,22.9293224265946
AL,Albania,ALB,2017,23.4381629574962
AL,Albania,ALB,2016,23.7020106412118
AL,Albania,ALB,2015,24.2686000374049
AL,Albania,ALB,2014,24.257646662903
AL,Albania,ALB,2013,24.1215753414946
AL,Albania,ALB,2012,23.1453646987216
AL,Albania,ALB,2011,22.8639005918422
AO,Angola,AGO,2019,14.6521024656345
AO,Angola,AGO,2018,13.8532059971707
AO,Angola,AGO,2017,14.5596504130464
AO,Angola,AGO,2016,15.4303727381525
AO,Angola,AGO,2015,18.3730580743307
AO,Angola,AGO,2014,24.7809441861805
AO,Angola,AGO,2013,25.0809923560514
AO,Angola,AGO,2012,20.9149425556276
AO,Angola,AGO,2011,23.747841325274
AO,Angola,AGO,2010,22.4956224961592
AR,Argentina,ARG,2023,21.00878925888
AR,Argentina,ARG,2022,21.865226929082
AR,Argentina,ARG,2021,22.8967903877811
AR,Argentina,ARG,2020,25.8405452538391
AR,Argentina,ARG,2019,22.0364845686943
AR,Argentina,ARG,2018,22.6709430512171
AR,Argentina,ARG,2017,24.2825320419979
AR,Argentina,ARG,2016,26.1799164832469
AR,Argentina,ARG,2015,25.0083932347048
AR,Argentina,ARG,2014,24.5697808575806
AM,Armenia,ARM,2023,20.9471499751251
AM,Armenia,ARM,2022,21.1627548327889
AM,Armenia,ARM,2021,24.968529504044
AM,Armenia,ARM,2020,26.5812877778437
AM,Armenia,ARM,2019,21.7584805720085
AM,Armenia,ARM,2018,22.0768137564949
AM,Armenia,ARM,2017,22.6297249923647
AM,Armenia,ARM,2016,25.7115181584805
AM,Armenia,ARM,2015,25.0779813488419
AM,Armenia,ARM,2014,23.9875580530759
AM,Armenia,ARM,2013,22.6371817977093
AM,Armenia,ARM,2012,21.3736421560682
AM,Armenia,ARM,2011,22.5680163171222
AM,Armenia,ARM,2010,22.9973623470093
AU,Australia,AUS,2022,27.5833132925557
AU,Australia,AUS,2021,32.5518179379184
AU,Australia,AUS,2020,30.1434988129749
AU,Australia,AUS,2019,26.0711901942783
AU,Australia,AUS,2018,26.1317227432746
AU,Australia,AUS,2017,26.5276169849373
AU,Australia,AUS,2016,26.8782732460928
AU,Australia,AUS,2015,26.6555350269532
AU,Australia,AUS,2014,26.1434698132436
AU,Australia,AUS,2013,25.7719998082551
AU,Australia,AUS,2012,26.0316102583583
AU,Australia,AUS,2011,25.9163709195685
AU,Australia,AUS,2010,26.6185983775997
AT,Austria,AUT,2023,46.0304036608475
AT,Austria,AUT,2022,47.3641894652228
AT,Austria,AUT,2021,50.0216558788029
AT,Austria,AUT,2020,51.1591725615403
AT,Austria,AUT,2019,43.9069061163649
AT,Austria,AUT,2018,44.1363840597814
AT,Austria,AUT,2017,44.8654197632576
AT,Austria,AUT,2016,45.553025088735
AT,Austria,AUT,2015,46.3323461865485
AT,Austria,AUT,2014,47.3819786391457
AT,Austria,AUT,2013,47.2584334360885
AT,Austria,AUT,2012,46.5833364419865
AT,Austria,AUT,2011,45.7857004145268
AT,Austria,AUT,2010,46.7361288145075
AZ,Azerbaijan,AZE,2022,23.0088211493834
AZ,Azerbaijan,AZE,2021,27.1444134965323
AZ,Azerbaijan,AZE,2020,33.9314765748897
AZ,Azerbaijan,AZE,2019,24.2843990319453
AZ,Azerbaijan,AZE,2018,21.402262398242
AZ,Azerbaijan,AZE,2017,27.9587305829867
AZ,Azerbaijan,AZE,2016,27.1959381185333
AZ,Azerbaijan,AZE,2015,24.7887090842221
AZ,Azerbaijan,AZE,2014,22.1009894245612
AZ,Azerbaijan,AZE,2013,20.9255439826751
AZ,Azerbaijan,AZE,2012,22.1853838889224
AZ,Azerbaijan,AZE,2011,18.4783610460428
AZ,Azerbaijan,AZE,2010,20.8724832214765
BS,"Bahamas, The",BHS,2023,20.347142731791
BS,"Bahamas, The",BHS,2022,22.3247708393299
BS,"Bahamas, The",BHS,2021,24.6633838830273
BS,"Bahamas, The",BHS,2020,25.8412924772271
BS,"Bahamas, The",BHS,2019,18.4739549597048
BS,"Bahamas, The",BHS,2018,17.3844779705442
BS,"Bahamas, The",BHS,2017,19.7385600143007
BS,"Bahamas, The",BHS,2016,17.8870918557517
BS,"Bahamas, The",BHS,2015,16.0689793736906
BS,"Bahamas, The",BHS,2014,15.7965215023655
BS,"Bahamas, The",BHS,2013,16.2498733548443
BS,"Bahamas, The",BHS,2012,16.3549707228275
BS,"Bahamas, The",BHS,2011,16.5592966586399
BS,"Bahamas, The",BHS,2010,15.3934154965055
BH,Bahrain,BHR,2020,26.1085121752585
BH,Bahrain,BHR,2019,21.7538186236849
BH,Bahrain,BHR,2018,22.4700360043582
BH,Bahrain,BHR,2017,22.5215503005502
BH,Bahrain,BHR,2016,24.4996564184373
BH,Bahrain,BHR,2015,25.3293874440254
BH,Bahrain,BHR,2014,23.5115457835002
BH,Bahrain,BHR,2013,22.4686162529477
BH,Bahrain,BHR,2012,20.8985126699084
BH,Bahrain,BHR,2011,21.6471133862972
BH,Bahrain,BHR,2010,18.6739821709387
BD,Bangladesh,BGD,2021,8.3242513417429
BD,Bangladesh,BGD,2020,8.14832024557625
BD,Bangladesh,BGD,2019,8.27231587687115
BD,Bangladesh,BGD,2018,7.4941450180451
BD,Bangladesh,BGD,2017,7.63987436772557
BD,Bangladesh,BGD,2016,7.86276813546215
BD,Bangladesh,BGD,2015,9.00588487034226
BD,Bangladesh,BGD,2014,9.50443649145954
BD,Bangladesh,BGD,2013,9.50711961128958
BD,Bangladesh,BGD,2012,9.63853873285246
BD,Bangladesh,BGD,2011,9.84388457755423
BD,Bangladesh,BGD,2010,9.26625106718959
BB,Barbados,BRB,2016,28.7902314700596
BB,Barbados,BRB,2015,29.2022271438976
BB,Barbados,BRB,2014,27.9508760452621
BB,Barbados,BRB,2013,29.3123144762846
BB,Barbados,BRB,2012,28.4192446345972
BB,Barbados,BRB,2011,26.5415811569635
BB,Barbados,BRB,2010,27.4316107722682
BY,Belarus,BLR,2023,28.4675083787373
BY,Belarus,BLR,2022,28.2689984078899
BY,Belarus,BLR,2021,27.8747723019691
BY,Belarus,BLR,2020,29.9281796626654
BY,Belarus,BLR,2019,28.5883479992147
BY,Belarus,BLR,2018,28.1637805187554
BY,Belarus,BLR,2017,29.3216054007539
BY,Belarus,BLR,2016,29.4170537971155
BY,Belarus,BLR,2015,28.110499205426
BY,Belarus,BLR,2014,27.410400205909
BY,Belarus,BLR,2013,28.2546964798114
BY,Belarus,BLR,2012,27.6224227639515
BY,Belarus,BLR,2011,25.4492994190304
BY,Belarus,BLR,2010,30.2074804270194
BE,Belgium,BEL,2022,39.7375528029031
BE,Belgium,BEL,2021,41.4118090170245
BE,Belgium,BEL,2020,43.656605302545
BE,Belgium,BEL,2019,39.4025048550939
BE,Belgium,BEL,2018,39.9416268146679
BE,Belgium,BEL,2017,40.1035662028041
BE,Belgium,BEL,2016,41.1616434494037
BE,Belgium,BEL,2015,41.7110348512049
BE,Belgium,BEL,2014,44.953912538649
BE,Belgium,BEL,2013,45.341690143058
BE,Belgium,BEL,2012,45.704833465615
BE,Belgium,BEL,2011,44.5122501817844
BE,Belgium,BEL,2010,43.5672983109901
BZ,Belize,BLZ,2017,22.3437684830275
BZ,Belize,BLZ,2016,21.2715511204331
BZ,Belize,BLZ,2015,20.6167584473022
BZ,Belize,BLZ,2014,19.439395693341
BZ,Belize,BLZ,2013,18.8634854519461
BZ,Belize,BLZ,2012,18.3239808294735
BZ,Belize,BLZ,2011,19.9036982726413
BZ,Belize,BLZ,2010,19.7206568093876
BT,Bhutan,BTN,2020,24.0761573964997
BT,Bhutan,BTN,2019,16.630738064931
BT,Bhutan,BTN,2018,19.3875030428865
BT,Bhutan,BTN,2017,17.6203577247984
BT,Bhutan,BTN,2016,17.6140527540135
BT,Bhutan,BTN,2015,17.9112552177493
BT,Bhutan,BTN,2014,17.0322760399245
BT,Bhutan,BTN,2013,18.6357911039665
BT,Bhutan,BTN,2012,18.8856610730292
BT,Bhutan,BTN,2011,20.1181323773237
BT,Bhutan,BTN,2010,20.1367804659329
BA,Bosnia and Herzegovina,BIH,2023,35.2955105967778
BA,Bosnia and Herzegovina,BIH,2022,33.4237705090927
BA,Bosnia and Herzegovina,BIH,2021,34.858904589829
BA,Bosnia and Herzegovina,BIH,2020,38.3614625111768
BA,Bosnia and Herzegovina,BIH,2019,34.0521685440035
BA,Bosnia and Herzegovina,BIH,2018,34.4993404528261
BA,Bosnia and Herzegovina,BIH,2017,33.8899257135821
BA,Bosnia and Herzegovina,BIH,2016,34.901023147998
BA,Bosnia and Herzegovina,BIH,2015,36.4782088395069
BA,Bosnia and Herzegovina,BIH,2014,39.9462718086465
BA,Bosnia and Herzegovina,BIH,2013,37.3655566660959
BA,Bosnia and Herzegovina,BIH,2012,39.0326697243166
BA,Bosnia and Herzegovina,BIH,2011,38.1186179452594
BA,Bosnia and Herzegovina,BIH,2010,39.163346131891
BW,Botswana,BWA,2023,23.896888551899
BW,Botswana,BWA,2022,25.0924165284784
BW,Botswana,BWA,2021,28.3894449604592
BW,Botswana,BWA,2020,33.8588005105797
BW,Botswana,BWA,2019,28.800544988701
BW,Botswana,BWA,2018,29.0644156467701
BW,Botswana,BWA,2017,28.154984240063
BW,Botswana,BWA,2016,26.7811392255083
BW,Botswana,BWA,2015,31.2430941784713
BW,Botswana,BWA,2014,29.1324048731669
BW,Botswana,BWA,2013,29.48597480927
BW,Botswana,BWA,2012,31.5200789767544
BW,Botswana,BWA,2011,29.7867605507382
BW,Botswana,BWA,2010,33.5156076335395
BR,Brazil,BRA,2023,32.4311004876146
BR,Brazil,BRA,2022,31.6414358454924
BR,Brazil,BRA,2021,29.498104322117
BR,Brazil,BRA,2020,34.9119748287171
BR,Brazil,BRA,2019,31.1361557852699
BR,Brazil,BRA,2018,32.2312978931774
BR,Brazil,BRA,2017,32.3610510088146
BR,Brazil,BRA,2016,33.4051681395528
BR,Brazil,BRA,2015,33.9491788064342
BR,Brazil,BRA,2014,29.2822360063977
BR,Brazil,BRA,2013,28.1504864221259
BR,Brazil,BRA,2012,28.1749993080182
BR,Brazil,BRA,2011,28.6625216779187
BR,Brazil,BRA,2010,28.0594682315254
BG,Bulgaria,BGR,2023,35.7558278676639
BG,Bulgaria,BGR,2022,39.3220138598541
BG,Bulgaria,BGR,2021,37.6984892840966
BG,Bulgaria,BGR,2020,36.4964306105672
BG,Bulgaria,BGR,2019,33.1928032548934
BG,Bulgaria,BGR,2018,33.1587383730676
BG,Bulgaria,BGR,2017,31.9919661067059
BG,Bulgaria,BGR,2016,32.0269320095318
BG,Bulgaria,BGR,2015,34.2858376669531
BG,Bulgaria,BGR,2014,37.9434073102519
BG,Bulgaria,BGR,2013,32.9223988647865
BG,Bulgaria,BGR,2012,30.9132693281019
BG,Bulgaria,BGR,2011,29.8496236412362
BG,Bulgaria,BGR,2010,31.6315388880341
BF,Burkina Faso,BFA,2023,19.5686034183856
BF,Burkina Faso,BFA,2022,22.7730009405025
BF,Burkina Faso,BFA,2021,19.8586086524281
BF,Burkina Faso,BFA,2020,18.017832406322
BF,Burkina Faso,BFA,2019,18.2174288376112
BF,Burkina Faso,BFA,2018,17.3707418259823
BF,Burkina Faso,BFA,2017,18.4897905554418
BF,Burkina Faso,BFA,2016,14.7098212612735
BF,Burkina Faso,BFA,2015,13.1974934417641
BF,Burkina Faso,BFA,2014,12.8787351779888
BF,Burkina Faso,BFA,2013,12.3336649866679
BF,Burkina Faso,BFA,2012,12.9214457539664
BF,Burkina Faso,BFA,2011,11.0358957782752
BF,Burkina Faso,BFA,2010,10.5945968597121
BI,Burundi,BDI,2021,12.2195039446055
BI,Burundi,BDI,2020,14.5080048283615
BI,Burundi,BDI,2019,14.9114067431833
BI,Burundi,BDI,2017,17.0212969799643
BI,Burundi,BDI,2016,17.7819630135
BI,Burundi,BDI,2015,20.5457430137858
BI,Burundi,BDI,2014,16.9371346579719
BI,Burundi,BDI,2013,17.0163454469103
BI,Burundi,BDI,2012,17.9838744988147
BI,Burundi,BDI,2011,19.9993686877643
BI,Burundi,BDI,2010,21.4202292080077
CV,Cabo Verde,CPV,2020,30.88206490392
CV,Cabo Verde,CPV,2019,23.8766451705691
CV,Cabo Verde,CPV,2018,22.5105795417778
CV,Cabo Verde,CPV,2017,18.6694945913411
CV,Cabo Verde,CPV,2016,19.0741910323081
CV,Cabo Verde,CPV,2015,19.3035742972947
CV,Cabo Verde,CPV,2014,17.9305656018519
CV,Cabo Verde,CPV,2013,16.9586624245546
CV,Cabo Verde,CPV,2012,16.8342381258496
CV,Cabo Verde,CPV,2011,17.7865952743898
CV,Cabo Verde,CPV,2010,17.9820174736895
KH,Cambodia,KHM,2023,12.9497206702999
KH,Cambodia,KHM,2022,11.776416290612
KH,Cambodia,KHM,2021,12.5801496236241
KH,Cambodia,KHM,2020,12.9375804463012
KH,Cambodia,KHM,2019,11.6500918071986
KH,Cambodia,KHM,2018,10.7640676815512
KH,Cambodia,KHM,2017,10.7989673791136
KH,Cambodia,KHM,2016,9.79082136934193
KH,Cambodia,KHM,2015,8.99396164136395
KH,Cambodia,KHM,2014,9.43642007472864
KH,Cambodia,KHM,2013,9.11918133783137
KH,Cambodia,KHM,2012,8.33602397896915
KH,Cambodia,KHM,2011,8.84350460921608
KH,Cambodia,KHM,2010,8.65662452415554
CM,Cameroon,CMR,2021,12.4228090170574
CM,Cameroon,CMR,2020,12.0602939460197
CM,Cameroon,CMR,2019,12.3229207514112
CM,Cameroon,CMR,2018,11.367382512434
CM,Cameroon,CMR,2017,10.5272373062848
CM,Cameroon,CMR,2016,11.9000531275541
CM,Cameroon,CMR,2015,12.421318766701
CM,Cameroon,CMR,2014,12.8603148223258
CM,Cameroon,CMR,2013,12.9354089682102
CM,Cameroon,CMR,2012,12.7527473631683
CA,Canada,CAN,2023,19.2603133808938
CA,Canada,CAN,2022,18.2522606578883
CA,Canada,CAN,2021,22.4985744222565
CA,Canada,CAN,2020,28.5714736058033
CA,Canada,CAN,2019,18.1057096781026
CA,Canada,CAN,2018,17.5409004540917
CA,Canada,CAN,2017,17.6065954076372
CA,Canada,CAN,2016,17.498604071126
CA,Canada,CAN,2015,17.0597786823228
CA,Canada,CAN,2014,16.4020498301416
CA,Canada,CAN,2013,17.0848821579089
CA,Canada,CAN,2012,17.5175199279774
CA,Canada,CAN,2011,17.8502680006291
CA,Canada,CAN,2010,19.0847071449408
CF,Central African Republic,CAF,2021,11.6613898280077
CF,Central African Republic,CAF,2020,13.9733066121224
CF,Central African Republic,CAF,2019,9.93933909760806
CF,Central African Republic,CAF,2018,10.1233533419528
CF,Central African Republic,CAF,2017,8.67679860120799
CF,Central African Republic,CAF,2016,9.02134552692702
CF,Central African Republic,CAF,2015,9.30655844158761
CF,Central African Republic,CAF,2014,8.27197400077813
CF,Central African Republic,CAF,2012,8.18447190574619
CF,Central African Republic,CAF,2011,13.4640903708419
CF,Central African Republic,CAF,2010,16.3366647703798
CL,Chile,CHL,2023,24.579585902841
CL,Chile,CHL,2022,24.1256231102656
CL,Chile,CHL,2021,30.8172643358219
CL,Chile,CHL,2020,26.2421928843387
CL,Chile,CHL,2019,23.3151987137799
CL,Chile,CHL,2018,22.6179870091523
CL,Chile,CHL,2017,22.3472564737029
CL,Chile,CHL,2016,22.1268634762876
CL,Chile,CHL,2015,21.6348148833018
CL,Chile,CHL,2014,20.6752522601778
CL,Chile,CHL,2013,20.1963012042744
CL,Chile,CHL,2012,19.9248545225746
CL,Chile,CHL,2011,19.4945095729622
CL,Chile,CHL,2010,20.2081834494716
CO,Colombia,COL,2023,33.3358903472043
CO,Colombia,COL,2022,32.3909610062162
CO,Colombia,COL,2021,35.6635486558905
CO,Colombia,COL,2020,36.5543934839744
CO,Colombia,COL,2019,31.3047065647576
CO,Colombia,COL,2018,29.9717907219429
CO,Colombia,COL,2017,27.5049639074473
CO,Colombia,COL,2016,28.6308350994839
CO,Colombia,COL,2015,26.8156770552217
CO,Colombia,COL,2014,30.1625917691368
CO,Colombia,COL,2013,33.2851931387088
CO,Colombia,COL,2012,25.0329863002189
CO,Colombia,COL,2011,24.2247402762094
CO,Colombia,COL,2010,25.4043842590891
CD,"Congo, Dem. Rep.",COD,2022,12.4487617400964
CD,"Congo, Dem. Rep.",COD,2021,8.64678328581574
CD,"Congo, Dem. Rep.",COD,2020,9.47234288372236
CD,"Congo, Dem. Rep.",COD,2019,8.8220637577734
CD,"Congo, Dem. Rep.",COD,2018,10.0767940158085
CD,"Congo, Dem. Rep.",COD,2017,7.83630173498413
CD,"Congo, Dem. Rep.",COD,2016,11.8809318137627
CD,"Congo, Dem. Rep.",COD,2015,11.8420364912527
CD,"Congo, Dem. Rep.",COD,2014,11.4850682689983
CD,"Congo, Dem. Rep.",COD,2013,12.2649104883301
CD,"Congo, Dem. Rep.",COD,2012,13.8771262528884
CD,"Congo, Dem. Rep.",COD,2010,7.470501465356
CG,"Congo, Rep.",COG,2021,16.132138958121
CG,"Congo, Rep.",COG,2020,17.7950013756253
CG,"Congo, Rep.",COG,2019,16.2271081721896
CG,"Congo, Rep.",COG,2018,16.4220244342388
CG,"Congo, Rep.",COG,2017,16.0396616415927
CG,"Congo, Rep.",COG,2016,17.1512744009458
CG,"Congo, Rep.",COG,2015,14.8958714742342
CG,"Congo, Rep.",COG,2014,12.764755103564
CG,"Congo, Rep.",COG,2013,10.8769536250591
CG,"Congo, Rep.",COG,2012,11.6546669888328
CG,"Congo, Rep.",COG,2011,10.1766500054625
CG,"Congo, Rep.",COG,2010,10.7590345834017
CR,Costa Rica,CRI,2023,28.9089243953107
CR,Costa Rica,CRI,2022,28.7616125185152
CR,Costa Rica,CRI,2021,30.8245979700277
CR,Costa Rica,CRI,2020,31.8896416509747
CR,Costa Rica,CRI,2019,29.4571247516698
CR,Costa Rica,CRI,2018,28.9192248274544
CR,Costa Rica,CRI,2017,25.3967283752901
CR,Costa Rica,CRI,2016,27.1467334171331
CR,Costa Rica,CRI,2015,28.5548940715519
CR,Costa Rica,CRI,2014,26.7358581094094
CR,Costa Rica,CRI,2013,26.5177395774488
CR,Costa Rica,CRI,2012,25.9446831618072
CR,Costa Rica,CRI,2011,25.3785207083222
CR,Costa Rica,CRI,2010,25.6136283336954
CI,Cote d'Ivoire,CIV,2023,17.8812303499603
CI,Cote d'Ivoire,CIV,2022,18.4136127955891
CI,Cote d'Ivoire,CIV,2021,16.3773571246349
CI,Cote d'Ivoire,CIV,2020,16.0320683194889
CI,Cote d'Ivoire,CIV,2019,13.6271086543806
CI,Cote d'Ivoire,CIV,2018,14.7370417836244
CI,Cote d'Ivoire,CIV,2017,14.9472059883342
CI,Cote d'Ivoire,CIV,2016,13.4001933039204
CI,Cote d'Ivoire,CIV,2015,13.4545912156732
CI,Cote d'Ivoire,CIV,2014,9.21632749724051
CI,Cote d'Ivoire,CIV,2013,9.93060164103365
CI,Cote d'Ivoire,CIV,2012,11.3215604705724
CI,Cote d'Ivoire,CIV,2011,9.60983909951552
CI,Cote d'Ivoire,CIV,2010,10.6252444022858
HR,Croatia,HRV,2023,38.1251053472541
HR,Croatia,HRV,2022,37.8385609112527
HR,Croatia,HRV,2021,40.6608585543677
HR,Croatia,HRV,2020,44.8967216073901
HR,Croatia,HRV,2019,38.4688114450428
HR,Croatia,HRV,2018,38.2936883850126
HR,Croatia,HRV,2017,39.0483135537936
HR,Croatia,HRV,2016,40.0887872684171
HR,Croatia,HRV,2015,41.5392711997545
HR,Croatia,HRV,2014,42.1321555009828
HR,Croatia,HRV,2013,40.2811314195386
HR,Croatia,HRV,2012,40.2301932287457
HR,Croatia,HRV,2011,42.0273650283508
HR,Croatia,HRV,2010,41.149295782753
CY,Cyprus,CYP,2023,38.4593865037483
CY,Cyprus,CYP,2022,36.2005584745208
CY,Cyprus,CYP,2021,40.6785279078526
CY,Cyprus,CYP,2020,43.6947268030349
CY,Cyprus,CYP,2019,38.5058596579424
CY,Cyprus,CYP,2018,40.3410835750321
CY,Cyprus,CYP,2017,36.8458898245716
CY,Cyprus,CYP,2016,38.1375311510325
CY,Cyprus,CYP,2015,41.7266838953056
CY,Cyprus,CYP,2014,50.8825846479159
CY,Cyprus,CYP,2013,44.9137727181064
CY,Cyprus,CYP,2012,52.6432632319096
CY,Cyprus,CYP,2011,41.8706223100365
CY,Cyprus,CYP,2010,40.6065897416938
CZ,Czechia,CZE,2022,34.4426537105922
CZ,Czechia,CZE,2021,36.8457557403545
CZ,Czechia,CZE,2020,37.6424553361707
CZ,Czechia,CZE,2019,32.0399044366584
CZ,Czechia,CZE,2018,31.8283646893324
CZ,Czechia,CZE,2017,31.386098316698
CZ,Czechia,CZE,2016,32.5225943262792
CZ,Czechia,CZE,2015,33.0693000771957
CZ,Czechia,CZE,2014,34.2174755498584
CZ,Czechia,CZE,2013,34.5157400640104
CZ,Czechia,CZE,2012,36.3468844348247
CZ,Czechia,CZE,2011,34.6520142942431
CZ,Czechia,CZE,2010,34.639613861013
DK,Denmark,DNK,2023,33.3385713177252
DK,Denmark,DNK,2022,32.1649694515103
DK,Denmark,DNK,2021,36.417787972112
DK,Denmark,DNK,2020,38.7585745073268
DK,Denmark,DNK,2019,35.294411019505
DK,Denmark,DNK,2018,36.1767651513151
DK,Denmark,DNK,2017,36.281185472149
DK,Denmark,DNK,2016,37.3753237986279
DK,Denmark,DNK,2015,39.4680654843822
DK,Denmark,DNK,2014,39.8534795726126
DK,Denmark,DNK,2013,40.3069360551146
DK,Denmark,DNK,2012,42.5735551510871
DK,Denmark,DNK,2011,41.3553765306718
DK,Denmark,DNK,2010,41.321624841298
DO,Dominican Republic,DOM,2023,18.066236602366
DO,Dominican Republic,DOM,2022,18.0569272165148
DO,Dominican Republic,DOM,2021,17.3592951719425
DO,Dominican Republic,DOM,2020,21.4214588048653
DO,Dominican Republic,DOM,2019,17.5016516701036
DO,Dominican Republic,DOM,2018,16.0317825388458
DO,Dominican Republic,DOM,2017,16.8356837461838
DO,Dominican Republic,DOM,2016,16.4269789437784
DO,Dominican Republic,DOM,2015,15.3612641247847
DO,Dominican Republic,DOM,2014,15.6805638273879
DO,Dominican Republic,DOM,2013,15.4846483694906
DO,Dominican Republic,DOM,2012,15.8662710050019
DO,Dominican Republic,DOM,2011,14.0356295447902
DO,Dominican Republic,DOM,2010,14.2243842044906
EC,Ecuador,ECU,2022,30.4365983203311
EC,Ecuador,ECU,2021,31.9261749303125
EC,Ecuador,ECU,2020,34.0396754166882
EC,Ecuador,ECU,2019,33.1468964953936
EC,Ecuador,ECU,2018,33.7250449206698
EC,Ecuador,ECU,2017,31.5192679680287
EC,Ecuador,ECU,2016,35.0549572104551
EC,Ecuador,ECU,2015,34.0758538247243
EC,Ecuador,ECU,2014,33.3268796672496
EC,Ecuador,ECU,2013,33.5309774702576
EG,"Egypt, Arab Rep.",EGY,2015,30.2303694913867
EG,"Egypt, Arab Rep.",EGY,2014,32.9206291079812
EG,"Egypt, Arab Rep.",EGY,2013,32.2017308105784
EG,"Egypt, Arab Rep.",EGY,2012,28.6894966262614
EG,"Egypt, Arab Rep.",EGY,2011,29.1899277952009
EG,"Egypt, Arab Rep.",EGY,2010,28.8602519476214
SV,El Salvador,SLV,2023,27.6800868672893
SV,El Salvador,SLV,2022,27.39431166246
SV,El Salvador,SLV,2021,29.5074843835756
SV,El Salvador,SLV,2020,33.9446069790407
SV,El Salvador,SLV,2019,24.7593666042437
SV,El Salvador,SLV,2018,24.7270938497397
SV,El Salvador,SLV,2017,24.8439899000093
SV,El Salvador,SLV,2016,23.2079037686245
SV,El Salvador,SLV,2015,22.7632940909989
SV,El Salvador,SLV,2014,22.7697175169483
SV,El Salvador,SLV,2013,22.9958128249062
SV,El Salvador,SLV,2012,22.9022053992888
SV,El Salvador,SLV,2011,24.8898726231008
SV,El Salvador,SLV,2010,24.1458115603277
GQ,Equatorial Guinea,GNQ,2022,11.0452921646904
GQ,Equatorial Guinea,GNQ,2021,10.357886752864
GQ,Equatorial Guinea,GNQ,2020,12.2535279171298
GQ,Equatorial Guinea,GNQ,2019,11.4103961361878
GQ,Equatorial Guinea,GNQ,2018,10.3213929151027
GQ,Equatorial Guinea,GNQ,2017,9.90214268336292
GQ,Equatorial Guinea,GNQ,2016,10.2457380951843
GQ,Equatorial Guinea,GNQ,2015,9.94330276207662
GQ,Equatorial Guinea,GNQ,2014,7.09211811356117
GQ,Equatorial Guinea,GNQ,2013,8.04260611446995
GQ,Equatorial Guinea,GNQ,2012,7.1338148829886
GQ,Equatorial Guinea,GNQ,2011,4.97367667879812
GQ,Equatorial Guinea,GNQ,2010,5.62325103907898
EE,Estonia,EST,2023,37.6884300915577
EE,Estonia,EST,2022,35.4164509352612
EE,Estonia,EST,2021,38.2360357397009
EE,Estonia,EST,2020,40.9084381155599
EE,Estonia,EST,2019,35.6510871727138
EE,Estonia,EST,2018,35.2168612467468
EE,Estonia,EST,2017,34.6983825831746
EE,Estonia,EST,2016,35.8214191120908
EE,Estonia,EST,2015,35.8209566136791
EE,Estonia,EST,2014,33.6145594674937
EE,Estonia,EST,2013,34.1148108061736
EE,Estonia,EST,2012,34.1955592548035
EE,Estonia,EST,2011,34.8527645409945
EE,Estonia,EST,2010,38.2430436082081
SZ,Eswatini,SWZ,2021,24.6155754063595
SZ,Eswatini,SWZ,2020,26.0695180972398
SZ,Eswatini,SWZ,2019,25.2805120736599
SZ,Eswatini,SWZ,2018,26.763771617809
SZ,Eswatini,SWZ,2017,27.072012615129
SZ,Eswatini,SWZ,2016,27.7982484296625
SZ,Eswatini,SWZ,2015,26.7184709093898
SZ,Eswatini,SWZ,2014,25.3036093481814
SZ,Eswatini,SWZ,2012,22.9827805396513
SZ,Eswatini,SWZ,2011,22.6823743982996
SZ,Eswatini,SWZ,2010,25.1288252366908
ET,Ethiopia,ETH,2023,6.12162158603615
ET,Ethiopia,ETH,2022,7.30178313622656
ET,Ethiopia,ETH,2021,8.41741927672894
ET,Ethiopia,ETH,2020,8.41226866844833
ET,Ethiopia,ETH,2019,9.70541576742623
ET,Ethiopia,ETH,2018,10.8174774177959
ET,Ethiopia,ETH,2017,11.2325037938413
ET,Ethiopia,ETH,2016,10.08929364178
ET,Ethiopia,ETH,2015,10.3776370135472
ET,Ethiopia,ETH,2014,9.55243367655399
ET,Ethiopia,ETH,2013,10.2119139511192
ET,Ethiopia,ETH,2012,8.46637984459639
ET,Ethiopia,ETH,2011,10.583931315438
ET,Ethiopia,ETH,2010,12.5031975516212
FJ,Fiji,FJI,2023,27.7596127035997
FJ,Fiji,FJI,2022,29.9393213276694
FJ,Fiji,FJI,2021,36.2945118850375
FJ,Fiji,FJI,2020,32.529176076387
FJ,Fiji,FJI,2019,27.9271534768037
FJ,Fiji,FJI,2018,28.0255867196907
FJ,Fiji,FJI,2017,25.3702932755711
FJ,Fiji,FJI,2016,25.3275491706505
FJ,Fiji,FJI,2015,26.5860776011648
FJ,Fiji,FJI,2014,25.8269182612467
FJ,Fiji,FJI,2013,24.3834617971389
FJ,Fiji,FJI,2012,22.9944491731373
FJ,Fiji,FJI,2011,22.2436207511801
FJ,Fiji,FJI,2010,23.8350458055167
FI,Finland,FIN,2023,44.9319767782795
FI,Finland,FIN,2022,37.9345069231781
FI,Finland,FIN,2021,40.1026675885578
FI,Finland,FIN,2020,41.4819765892371
FI,Finland,FIN,2019,37.3099724129835
FI,Finland,FIN,2018,37.678359673142
FI,Finland,FIN,2017,38.1729904853453
FI,Finland,FIN,2016,39.9389014310416
FI,Finland,FIN,2015,40.6832800487174
FI,Finland,FIN,2014,40.7932768210634
FI,Finland,FIN,2013,40.2865889914839
FI,Finland,FIN,2012,39.0731517432053
FI,Finland,FIN,2011,37.9949912726721
FI,Finland,FIN,2010,38.4162383668089
FR,France,FRA,2023,47.2580360132692
FR,France,FRA,2022,48.8603228368138
FR,France,FRA,2021,49.9944440065304
FR,France,FRA,2020,51.9636314257982
FR,France,FRA,2019,45.8897902925031
FR,France,FRA,2018,47.1000773214216
FR,France,FRA,2017,48.466341621356
FR,France,FRA,2016,48.1500427991658
FR,France,FRA,2015,48.4491880082217
FR,France,FRA,2014,49.1207847434763
FR,France,FRA,2013,49.0717319139337
FR,France,FRA,2012,48.5371716441042
FR,France,FRA,2011,47.927974289251
FR,France,FRA,2010,49.6925291037396
GA,Gabon,GAB,2021,14.0519584891303
GA,Gabon,GAB,2020,16.445371615907
GA,Gabon,GAB,2019,13.5418676122117
GA,Gabon,GAB,2018,13.6976362674135
GA,Gabon,GAB,2017,15.6674947805283
GA,Gabon,GAB,2016,17.0854995180674
GA,Gabon,GAB,2015,17.1851872348986
GA,Gabon,GAB,2014,15.2532453291979
GA,Gabon,GAB,2013,16.330781875643
GA,Gabon,GAB,2012,16.2796182811036
GE,Georgia,GEO,2023,25.241719707501
GE,Georgia,GEO,2022,24.9364534724128
GE,Georgia,GEO,2021,27.2044002371385
GE,Georgia,GEO,2020,29.0090180561971
GE,Georgia,GEO,2019,24.3635120460121
GE,Georgia,GEO,2018,23.7175474941597
GE,Georgia,GEO,2017,26.8621190130624
GE,Georgia,GEO,2016,28.6748009739283
GE,Georgia,GEO,2015,27.6875651267801
GE,Georgia,GEO,2014,26.2373116449152
GE,Georgia,GEO,2013,24.601894433386
GE,Georgia,GEO,2012,24.2728608810983
GE,Georgia,GEO,2011,23.1399670485459
GE,Georgia,GEO,2010,25.0571131879543
DE,Germany,DEU,2022,31.174891399437
DE,Germany,DEU,2021,32.6685205602959
DE,Germany,DEU,2020,32.1505946585061
DE,Germany,DEU,2019,27.8804335534648
DE,Germany,DEU,2018,27.3644959420855
DE,Germany,DEU,2017,27.5226740191593
DE,Germany,DEU,2016,27.3748517311851
DE,Germany,DEU,2015,27.43650045513
DE,Germany,DEU,2014,27.5160413741803
DE,Germany,DEU,2013,27.9969858502414
DE,Germany,DEU,2012,27.9445071589837
DE,Germany,DEU,2011,28.3141784769068
DE,Germany,DEU,2010,30.7567125257145
GH,Ghana,GHA,2022,22.6789929507667
GH,Ghana,GHA,2021,20.7508748712557
GH,Ghana,GHA,2020,21.8835544057028
GH,Ghana,GHA,2019,17.5109450941033
GH,Ghana,GHA,2018,17.6018475152484
GH,Ghana,GHA,2017,17.355240305187
GH,Ghana,GHA,2016,18.2895853622151
GH,Ghana,GHA,2015,17.3642996458735
GH,Ghana,GHA,2014,18.2035086076329
GH,Ghana,GHA,2013,19.2811347818803
GH,Ghana,GHA,2012,26.8839178478186
GH,Ghana,GHA,2011,21.1409260461554
GH,Ghana,GHA,2010,20.1575042881243
GR,Greece,GRC,2023,47.3019610078935
GR,Greece,GRC,2022,50.8012558431009
GR,Greece,GRC,2021,54.8325762184431
GR,Greece,GRC,2020,58.0698817576878
GR,Greece,GRC,2019,46.9259260449285
GR,Greece,GRC,2018,48.0218614049715
GR,Greece,GRC,2017,47.670388743995
GR,Greece,GRC,2016,48.8551944521521
GR,Greece,GRC,2015,52.2111640982534
GR,Greece,GRC,2014,49.7478747922233
GR,Greece,GRC,2013,61.3545612333663
GR,Greece,GRC,2012,57.3762666302254
GR,Greece,GRC,2011,54.7841287756502
GR,Greece,GRC,2010,51.078647377558
GT,Guatemala,GTM,2023,13.5008017351529
GT,Guatemala,GTM,2022,13.99324851298
GT,Guatemala,GTM,2021,13.2756802646156
GT,Guatemala,GTM,2020,14.9980142189795
GT,Guatemala,GTM,2019,13.1269464202505
GT,Guatemala,GTM,2018,12.9824525839374
GT,Guatemala,GTM,2017,12.8935207223026
GT,Guatemala,GTM,2016,12.7960643449342
GT,Guatemala,GTM,2015,12.7358103933838
GT,Guatemala,GTM,2014,13.2836096667991
GT,Guatemala,GTM,2013,13.0331026352429
GT,Guatemala,GTM,2012,13.1714004750496
GT,Guatemala,GTM,2011,12.7453111287762
GT,Guatemala,GTM,2010,12.8578109221043
GW,Guinea-Bissau,GNB,2023,15.1656365264112
GW,Guinea-Bissau,GNB,2022,14.3846890335313
GW,Guinea-Bissau,GNB,2021,14.2283473530259
GW,Guinea-Bissau,GNB,2020,15.0945712056756
GW,Guinea-Bissau,GNB,2019,13.2097474766079
GW,Guinea-Bissau,GNB,2018,12.8106751284621
GW,Guinea-Bissau,GNB,2017,13.1636010249212
HN,Honduras,HND,2020,24.3924492884403
HN,Honduras,HND,2015,21.9760874717836
HN,Honduras,HND,2014,24.2419177349486
HN,Honduras,HND,2013,23.8938403917359
HN,Honduras,HND,2012,23.4992682867094
HN,Honduras,HND,2011,22.5041523742209
HN,Honduras,HND,2010,22.7480069231437
HU,Hungary,HUN,2022,42.4178061387445
HU,Hungary,HUN,2021,42.2666073391105
HU,Hungary,HUN,2020,44.0965958368183
HU,Hungary,HUN,2019,39.3263776745238
HU,Hungary,HUN,2018,39.6980879246317
HU,Hungary,HUN,2017,42.0163819189322
HU,Hungary,HUN,2016,43.3907474005341
HU,Hungary,HUN,2015,43.2456220345119
HU,Hungary,HUN,2014,44.9912537785472
HU,Hungary,HUN,2013,46.9455294709772
HU,Hungary,HUN,2012,44.7191558906917
HU,Hungary,HUN,2011,45.0546657406546
HU,Hungary,HUN,2010,43.6185257806077
IS,Iceland,ISL,2023,32.0740117330613
IS,Iceland,ISL,2022,32.5664874770837
IS,Iceland,ISL,2021,34.66733081482
IS,Iceland,ISL,2020,36.3538902057074
IS,Iceland,ISL,2019,30.6922340261305
IS,Iceland,ISL,2018,30.3825247863504
IS,Iceland,ISL,2017,31.0338460553056
IS,Iceland,ISL,2016,34.9997018089201
IS,Iceland,ISL,2015,31.8771254937801
IS,Iceland,ISL,2014,33.9832942932349
IS,Iceland,ISL,2013,34.4053448051065
IS,Iceland,ISL,2012,36.5921821704099
IS,Iceland,ISL,2011,38.023843042671
IS,Iceland,ISL,2010,37.4943984640022
IN,India,IND,2022,13.3335178491336
IN,India,IND,2018,15.6631319151388
IN,India,IND,2017,15.6141099220983
IN,India,IND,2016,15.2719500252316
IN,India,IND,2015,15.1256903622794
IN,India,IND,2014,14.803137644208
IN,India,IND,2013,16.6386825486965
IN,India,IND,2012,16.166712404362
IN,India,IND,2011,14.4898394030493
IN,India,IND,2010,16.5051359514049
IQ,Iraq,IRQ,2019,27.6121352770907
IQ,Iraq,IRQ,2018,24.4834204312244
IQ,Iraq,IRQ,2017,25.9749833916221
IQ,Iraq,IRQ,2016,26.5600237455794
IQ,Iraq,IRQ,2015,27.0309301531966
IQ,Iraq,IRQ,2014,25.7090141553581
IE,Ireland,IRL,2022,19.2427274217679
IE,Ireland,IRL,2021,22.2593666159683
IE,Ireland,IRL,2020,25.1258796519129
IE,Ireland,IRL,2019,21.9984833264173
IE,Ireland,IRL,2018,23.0544769626137
IE,Ireland,IRL,2017,23.7481681383937
IE,Ireland,IRL,2016,25.7394910022787
IE,Ireland,IRL,2015,26.5887434481242
IE,Ireland,IRL,2014,34.393562008839
IE,Ireland,IRL,2013,37.6286660203768
IE,Ireland,IRL,2012,39.9842241542073
IE,Ireland,IRL,2011,44.4703295102429
IE,Ireland,IRL,2010,62.4105657118434
IL,Israel,ISR,2023,37.4364799128984
IL,Israel,ISR,2022,35.2457931380657
IL,Israel,ISR,2021,38.1911260679267
IL,Israel,ISR,2020,41.7968222478408
IL,Israel,ISR,2019,35.2507340669333
IL,Israel,ISR,2018,35.8193719010885
IL,Israel,ISR,2017,35.5449327749618
IL,Israel,ISR,2016,34.4770513794653
IL,Israel,ISR,2015,34.4575468006613
IL,Israel,ISR,2014,34.8737307897912
IL,Israel,ISR,2013,36.164927835
IL,Israel,ISR,2012,36.2501054846915
IL,Israel,ISR,2011,36.1077745336826
IL,Israel,ISR,2010,36.5624705305174
IT,Italy,ITA,2023,47.2805094852674
IT,Italy,ITA,2022,48.3702644238252
IT,Italy,ITA,2021,49.6527178126937
IT,Italy,ITA,2020,50.3444915572159
IT,Italy,ITA,2019,42.2948307679073
IT,Italy,ITA,2018,42.5027354888588
IT,Italy,ITA,2017,42.9465753087
IT,Italy,ITA,2016,43.2014022058276
IT,Italy,ITA,2015,43.5293517131866
IT,Italy,ITA,2014,43.5698249256497
IT,Italy,ITA,2013,43.7480535980426
IT,Italy,ITA,2012,43.4989070049363
IT,Italy,ITA,2011,41.8281531942746
IT,Italy,ITA,2010,42.6929919174617
JM,Jamaica,JAM,2020,27.4675611588785
JM,Jamaica,JAM,2019,23.9790924393503
JM,Jamaica,JAM,2018,24.785764716982
JM,Jamaica,JAM,2017,25.0153113842927
JM,Jamaica,JAM,2016,24.7560383085791
JM,Jamaica,JAM,2015,24.4515247799219
JM,Jamaica,JAM,2014,25.6804618517507
JM,Jamaica,JAM,2013,25.0159858498313
JM,Jamaica,JAM,2012,27.5103722033504
JM,Jamaica,JAM,2011,28.2010759070268
JM,Jamaica,JAM,2010,28.901745665482
JP,Japan,JPN,2022,20.9311943137094
JP,Japan,JPN,2021,21.6186499931383
JP,Japan,JPN,2020,23.6059009054084
JP,Japan,JPN,2019,16.4238978704123
JP,Japan,JPN,2018,16.0713191758764
JP,Japan,JPN,2017,16.1953485344611
JP,Japan,JPN,2016,16.7112446327333
JP,Japan,JPN,2015,16.9738508264281
JP,Japan,JPN,2014,17.5741647729135
JP,Japan,JPN,2013,18.1406509054638
JP,Japan,JPN,2012,18.1117047475127
JP,Japan,JPN,2011,18.5956788727445
JP,Japan,JPN,2010,17.2217468141394
JO,Jordan,JOR,2023,28.4369963842512
JO,Jordan,JOR,2022,28.7963616454714
JO,Jordan,JOR,2021,28.5105084034532
JO,Jordan,JOR,2020,28.1652218731959
JO,Jordan,JOR,2019,26.2482662787032
JO,Jordan,JOR,2018,26.2920735406073
JO,Jordan,JOR,2017,25.5588744285486
JO,Jordan,JOR,2016,25.8578401764743
JO,Jordan,JOR,2015,25.7146982444767
JO,Jordan,JOR,2014,27.4877592741813
JO,Jordan,JOR,2013,26.2399999345942
JO,Jordan,JOR,2012,28.8746412441361
JO,Jordan,JOR,2011,28.8477144890018
JO,Jordan,JOR,2010,26.2403308465959
KZ,Kazakhstan,KAZ,2023,17.4457811545455
KZ,Kazakhstan,KAZ,2022,16.1647366957137
KZ,Kazakhstan,KAZ,2021,17.1165193502456
KZ,Kazakhstan,KAZ,2020,16.8328642687514
KZ,Kazakhstan,KAZ,2019,16.0642125509365
KZ,Kazakhstan,KAZ,2018,14.7050433078792
KZ,Kazakhstan,KAZ,2017,19.0261392086365
KZ,Kazakhstan,KAZ,2016,16.3309403041021
KZ,Kazakhstan,KAZ,2015,15.487142712709
KZ,Kazakhstan,KAZ,2014,15.308914994467
KZ,Kazakhstan,KAZ,2013,14.6089815385558
KZ,Kazakhstan,KAZ,2012,15.7960435478034
KZ,Kazakhstan,KAZ,2011,15.2070759191101
KZ,Kazakhstan,KAZ,2010,16.4678319854926
KE,Kenya,KEN,2023,27.8446410955634
KE,Kenya,KEN,2022,25.0629334714739
KE,Kenya,KEN,2021,23.5910069698036
KE,Kenya,KEN,2020,19.9941461757389
KE,Kenya,KEN,2019,18.7983198385291
KE,Kenya,KEN,2018,23.6351781584909
KE,Kenya,KEN,2017,25.1285090916527
KE,Kenya,KEN,2016,22.1909797740547
KE,Kenya,KEN,2015,20.7150711505236
KE,Kenya,KEN,2014,20.53749523364
KI,Kiribati,KIR,2023,84.5644527917589
KI,Kiribati,KIR,2022,81.8840631106482
KI,Kiribati,KIR,2021,84.1163542228886
KI,Kiribati,KIR,2020,75.9719217181189
KI,Kiribati,KIR,2019,70.0780797246063
KI,Kiribati,KIR,2018,61.7114175803396
KI,Kiribati,KIR,2017,64.4148054170769
KI,Kiribati,KIR,2016,61.3968365764947
KI,Kiribati,KIR,2015,58.7347772555639
KI,Kiribati,KIR,2014,55.2459586064333
KI,Kiribati,KIR,2013,60.2023223273187
KI,Kiribati,KIR,2012,62.1622654328207
KI,Kiribati,KIR,2011,59.2838957964227
KR,"Korea, Rep.",KOR,2023,28.3225119832631
KR,"Korea, Rep.",KOR,2022,31.2975333759802
KR,"Korea, Rep.",KOR,2021,28.5464738099917
KR,"Korea, Rep.",KOR,2020,28.0256629437299
KR,"Korea, Rep.",KOR,2019,25.9471764437754
KR,"Korea, Rep.",KOR,2018,23.5674300593436
KR,"Korea, Rep.",KOR,2017,22.7421323345571
KR,"Korea, Rep.",KOR,2016,22.3216832639303
KR,"Korea, Rep.",KOR,2015,22.3727539773343
KR,"Korea, Rep.",KOR,2014,22.5297498815254
KR,"Korea, Rep.",KOR,2013,22.9599101988862
KR,"Korea, Rep.",KOR,2012,23.5764674888735
KR,"Korea, Rep.",KOR,2011,17.3891183173319
KR,"Korea, Rep.",KOR,2010,16.900693184189
KG,Kyrgyz Republic,KGZ,2023,23.7050047610836
KG,Kyrgyz Republic,KGZ,2022,23.8319458168086
KG,Kyrgyz Republic,KGZ,2021,23.4050916041465
KG,Kyrgyz Republic,KGZ,2020,25.7762999997186
KG,Kyrgyz Republic,KGZ,2019,23.2122999587777
KG,Kyrgyz Republic,KGZ,2018,25.4852528760826
KG,Kyrgyz Republic,KGZ,2017,26.0497698575071
KG,Kyrgyz Republic,KGZ,2016,27.0350965882562
KG,Kyrgyz Republic,KGZ,2015,27.2419483499478
KG,Kyrgyz Republic,KGZ,2014,25.9976655502703
LA,Lao PDR,LAO,2022,10.3160241648868
LA,Lao PDR,LAO,2021,10.7627930320176
LA,Lao PDR,LAO,2020,11.447710373245
LA,Lao PDR,LAO,2019,12.4478555242012
LA,Lao PDR,LAO,2018,12.310264175207
LA,Lao PDR,LAO,2017,12.3355348883473
LA,Lao PDR,LAO,2016,13.8677242784984
LA,Lao PDR,LAO,2015,14.8922832872787
LA,Lao PDR,LAO,2014,15.4860759577741
LA,Lao PDR,LAO,2013,16.8133673347985
LA,Lao PDR,LAO,2012,10.9849961277883
LA,Lao PDR,LAO,2011,10.7431744902983
LA,Lao PDR,LAO,2010,11.0270983449829
LV,Latvia,LVA,2023,34.1951936826963
LV,Latvia,LVA,2022,36.3543864374317
LV,Latvia,LVA,2021,38.5271346331543
LV,Latvia,LVA,2020,36.2189154656701
LV,Latvia,LVA,2019,31.7652338159017
LV,Latvia,LVA,2018,30.6512990258421
LV,Latvia,LVA,2017,30.425906349079
LV,Latvia,LVA,2016,30.6890668667795
LV,Latvia,LVA,2015,31.2338058250113
LV,Latvia,LVA,2014,32.2820402619424
LV,Latvia,LVA,2013,31.6898152607786
LV,Latvia,LVA,2012,31.9341020414488
LV,Latvia,LVA,2011,35.1497338007643
LV,Latvia,LVA,2010,39.5781686309654
LB,Lebanon,LBN,2021,6.29571108447612
LB,Lebanon,LBN,2020,14.9448707575471
LB,Lebanon,LBN,2019,29.1875576254008
LB,Lebanon,LBN,2018,29.3461967656781
LB,Lebanon,LBN,2017,25.9835892601139
LB,Lebanon,LBN,2016,25.847004898603
LB,Lebanon,LBN,2015,22.8975511838178
LB,Lebanon,LBN,2014,25.9468799781231
LB,Lebanon,LBN,2013,26.6919929961178
LB,Lebanon,LBN,2012,26.7992055311946
LB,Lebanon,LBN,2011,26.3970134807849
LB,Lebanon,LBN,2010,25.8433428793157
LS,Lesotho,LSO,2022,40.2346111006294
LS,Lesotho,LSO,2021,38.1052609182179
LS,Lesotho,LSO,2020,43.288414970617
LS,Lesotho,LSO,2019,39.246346848746
LS,Lesotho,LSO,2018,39.2496841795946
LS,Lesotho,LSO,2017,39.7153423495164
LS,Lesotho,LSO,2016,40.5844628063288
LS,Lesotho,LSO,2015,38.2440406780839
LS,Lesotho,LSO,2014,38.3219218166396
LS,Lesotho,LSO,2013,42.7084395082867
LS,Lesotho,LSO,2012,40.0545811100607
LS,Lesotho,LSO,2011,40.7961669316991
LS,Lesotho,LSO,2010,42.5411688089885
LT,Lithuania,LTU,2023,34.1003296593768
LT,Lithuania,LTU,2022,34.0464636044902
LT,Lithuania,LTU,2021,35.1889889533921
LT,Lithuania,LTU,2020,38.9088887136828
LT,Lithuania,LTU,2019,32.3841356342817
LT,Lithuania,LTU,2018,31.6775234640563
LT,Lithuania,LTU,2017,31.072121854115
LT,Lithuania,LTU,2016,32.6841126186918
LT,Lithuania,LTU,2015,32.6692487755442
LT,Lithuania,LTU,2014,32.7568188511499
LT,Lithuania,LTU,2013,33.065868762446
LT,Lithuania,LTU,2012,34.1253096267013
LT,Lithuania,LTU,2011,36.8394354331654
LT,Lithuania,LTU,2010,40.1309540962991
LU,Luxembourg,LUX,2023,42.2321737913696
LU,Luxembourg,LUX,2022,40.8988847365143
LU,Luxembourg,LUX,2021,39.0091777601048
LU,Luxembourg,LUX,2020,42.9034537011063
LU,Luxembourg,LUX,2019,39.4793914222263
LU,Luxembourg,LUX,2018,38.8273820155222
LU,Luxembourg,LUX,2017,37.758533855547
LU,Luxembourg,LUX,2016,36.8348917454341
LU,Luxembourg,LUX,2015,37.2151192531445
LU,Luxembourg,LUX,2014,37.7373163017542
LU,Luxembourg,LUX,2013,38.5515245916909
LU,Luxembourg,LUX,2012,38.6174033671065
LU,Luxembourg,LUX,2011,37.7583197126326
LU,Luxembourg,LUX,2010,37.5877794617632
MO,"Macao SAR, China",MAC,2023,19.5867260271728
MO,"Macao SAR, China",MAC,2022,49.1744707393564
MO,"Macao SAR, China",MAC,2021,31.7574064949825
MO,"Macao SAR, China",MAC,2020,43.2091365783308
MO,"Macao SAR, China",MAC,2019,15.8478754848552
MO,"Macao SAR, China",MAC,2018,14.6040900378247
MO,"Macao SAR, China",MAC,2017,15.2119168179021
MO,"Macao SAR, China",MAC,2016,16.3459311658206
MO,"Macao SAR, China",MAC,2015,15.412582844514
MO,"Macao SAR, China",MAC,2014,11.363913805927
MO,"Macao SAR, China",MAC,2013,10.4663268994632
MO,"Macao SAR, China",MAC,2012,10.9036655919405
MO,"Macao SAR, China",MAC,2011,11.9986560556484
MO,"Macao SAR, China",MAC,2010,14.7030839670643
MG,Madagascar,MDG,2023,11.1514164395455
MG,Madagascar,MDG,2022,9.93703865401771
MG,Madagascar,MDG,2021,10.6901257901144
MG,Madagascar,MDG,2020,11.7977522159647
MG,Madagascar,MDG,2019,10.1328730758179
MG,Madagascar,MDG,2018,9.83236458371751
MG,Madagascar,MDG,2017,10.5891148272501
MG,Madagascar,MDG,2016,9.31726443885761
MG,Madagascar,MDG,2015,9.55868886975373
MG,Madagascar,MDG,2014,9.85274238142876
MG,Madagascar,MDG,2013,9.40419644416597
MG,Madagascar,MDG,2012,8.75653017319682
MG,Madagascar,MDG,2011,8.93506573962959
MG,Madagascar,MDG,2010,8.57346348699551
MW,Malawi,MWI,2022,20.1738542237372
MW,Malawi,MWI,2021,17.1870765601142
MW,Malawi,MWI,2020,16.4935394603346
MW,Malawi,MWI,2019,14.7401066853775
MW,Malawi,MWI,2018,14.9216504111132
MW,Malawi,MWI,2017,13.2444718284507
MW,Malawi,MWI,2016,12.3291507757964
MW,Malawi,MWI,2015,12.9082034353954
MW,Malawi,MWI,2014,14.0654400013646
MW,Malawi,MWI,2013,12.992188528166
MW,Malawi,MWI,2012,11.8715643730145
MW,Malawi,MWI,2011,12.526089145286
MW,Malawi,MWI,2010,12.6994361476594
MY,Malaysia,MYS,2023,17.0088733715367
MY,Malaysia,MYS,2022,17.8962743152498
MY,Malaysia,MYS,2021,17.2542689687307
MY,Malaysia,MYS,2020,18.4715851445262
MY,Malaysia,MYS,2019,17.3574598059896
MY,Malaysia,MYS,2018,15.9220579344968
MY,Malaysia,MYS,2017,15.8258190286835
MY,Malaysia,MYS,2016,16.7638213141114
MY,Malaysia,MYS,2015,18.2910432040136
MY,Malaysia,MYS,2014,19.6835443850248
MY,Malaysia,MYS,2013,20.6021204303102
MY,Malaysia,MYS,2012,20.9798770041143
MY,Malaysia,MYS,2011,19.7347795900774
MY,Malaysia,MYS,2010,18.2319253890148
MV,Maldives,MDV,2021,29.475529855381
MV,Maldives,MDV,2020,35.3461280144751
MV,Maldives,MDV,2019,25.4133270384298
MV,Maldives,MDV,2018,21.9717105537807
MV,Maldives,MDV,2017,20.3517479915771
MV,Maldives,MDV,2016,24.2042777622576
MV,Maldives,MDV,2015,26.5275502814218
MV,Maldives,MDV,2014,24.6529190782701
MV,Maldives,MDV,2011,22.4031116061657
MV,Maldives,MDV,2010,25.4405148099364
ML,Mali,MLI,2020,12.2360084788215
ML,Mali,MLI,2019,10.8504280440645
ML,Mali,MLI,2018,10.3689696643132
ML,Mali,MLI,2017,10.4967851185142
ML,Mali,MLI,2016,10.3159818706394
ML,Mali,MLI,2015,10.3240948971986
ML,Mali,MLI,2014,10.8974056534863
ML,Mali,MLI,2013,11.1457457114884
ML,Mali,MLI,2012,10.0822909870326
ML,Mali,MLI,2011,10.2952072862519
ML,Mali,MLI,2010,10.7482018987363
MT,Malta,MLT,2023,33.6935052345347
MT,Malta,MLT,2022,36.4911985251093
MT,Malta,MLT,2021,37.1529054378402
MT,Malta,MLT,2020,39.8534196177036
MT,Malta,MLT,2019,32.7034949239675
MT,Malta,MLT,2018,32.5918230270374
MT,Malta,MLT,2017,31.8154668335581
MT,Malta,MLT,2016,34.4585898628249
MT,Malta,MLT,2015,35.356167746763
MT,Malta,MLT,2014,37.7394748155398
MT,Malta,MLT,2013,38.8602653478508
MT,Malta,MLT,2012,39.8705041577618
MT,Malta,MLT,2011,40.4489554016559
MT,Malta,MLT,2010,39.6678377740642
MH,Marshall Islands,MHL,2020,59.4431771972105
MH,Marshall Islands,MHL,2019,65.2751107771576
MH,Marshall Islands,MHL,2018,61.7302959090909
MH,Marshall Islands,MHL,2017,60.7703738886289
MH,Marshall Islands,MHL,2016,56.4015948795837
MH,Marshall Islands,MHL,2015,55.378590636908
MH,Marshall Islands,MHL,2014,49.1885634408602
MH,Marshall Islands,MHL,2013,54.22419527897
MH,Marshall Islands,MHL,2012,53.3502263420033
MH,Marshall Islands,MHL,2011,54.421923389437
MH,Marshall Islands,MHL,2010,54.3716201117318
MU,Mauritius,MUS,2023,29.1424031344469
MU,Mauritius,MUS,2022,28.1928825774011
MU,Mauritius,MUS,2021,32.5467053831612
MU,Mauritius,MUS,2020,31.2543072899706
MU,Mauritius,MUS,2019,22.5162036099423
MU,Mauritius,MUS,2018,22.2413273632468
MU,Mauritius,MUS,2017,21.9284605624956
MU,Mauritius,MUS,2016,22.7714537130154
MU,Mauritius,MUS,2015,11.2461686762812
MU,Mauritius,MUS,2014,21.567955689282
MU,Mauritius,MUS,2013,21.3396545988438
MU,Mauritius,MUS,2012,20.0748113544511
MU,Mauritius,MUS,2011,20.1217111150886
MU,Mauritius,MUS,2010,21.7123013522298
MX,Mexico,MEX,2023,22.4106159687135
MX,Mexico,MEX,2022,22.3057833165138
MX,Mexico,MEX,2021,20.8923836626833
MX,Mexico,MEX,2020,21.6980704238964
MX,Mexico,MEX,2019,19.8103353511537
MX,Mexico,MEX,2018,19.8697097098835
MX,Mexico,MEX,2017,19.8664920928197
MX,Mexico,MEX,2016,20.3281994162596
MX,Mexico,MEX,2015,20.8689511517254
MX,Mexico,MEX,2014,20.9971763643316
MX,Mexico,MEX,2013,20.6909750853576
MX,Mexico,MEX,2012,20.932432601798
MX,Mexico,MEX,2011,20.8740737970003
MX,Mexico,MEX,2010,20.4815497532032
FM,"Micronesia, Fed. Sts.",FSM,2020,23.4257647968716
FM,"Micronesia, Fed. Sts.",FSM,2019,23.7059378062058
FM,"Micronesia, Fed. Sts.",FSM,2018,22.0520982566712
FM,"Micronesia, Fed. Sts.",FSM,2017,22.6389841132575
FM,"Micronesia, Fed. Sts.",FSM,2016,22.6610218461538
FM,"Micronesia, Fed. Sts.",FSM,2015,21.0731572851707
FM,"Micronesia, Fed. Sts.",FSM,2014,18.4045079009213
FM,"Micronesia, Fed. Sts.",FSM,2013,18.4524509184318
FM,"Micronesia, Fed. Sts.",FSM,2012,17.6823156760308
FM,"Micronesia, Fed. Sts.",FSM,2011,15.9114597008359
FM,"Micronesia, Fed. Sts.",FSM,2010,17.1396609812254
MD,Moldova,MDA,2023,34.4725442262112
MD,Moldova,MDA,2022,32.2453730893208
MD,Moldova,MDA,2021,29.9554323731733
MD,Moldova,MDA,2020,32.7222723725292
MD,Moldova,MDA,2019,28.2718051226835
MD,Moldova,MDA,2018,27.7835978216092
MD,Moldova,MDA,2017,27.2406325954008
MD,Moldova,MDA,2016,26.6745413540011
MD,Moldova,MDA,2015,28.3300680569036
MD,Moldova,MDA,2014,29.3674215047913
MD,Moldova,MDA,2013,27.1282700817793
MD,Moldova,MDA,2012,27.8544262189137
MD,Moldova,MDA,2011,27.3599576796909
MD,Moldova,MDA,2010,29.1436569247624
MN,Mongolia,MNG,2021,31.6966486780552
MN,Mongolia,MNG,2020,33.1789935421218
MN,Mongolia,MNG,2019,25.6162465688217
MN,Mongolia,MNG,2018,22.5006291310701
MN,Mongolia,MNG,2017,23.7015119822005
MN,Mongolia,MNG,2016,27.3985619685378
MN,Mongolia,MNG,2015,24.313084296183
MN,Mongolia,MNG,2014,23.7332236614954
MN,Mongolia,MNG,2013,23.6688195949134
MN,Mongolia,MNG,2012,27.0748266010603
MN,Mongolia,MNG,2011,24.4306901415433
MN,Mongolia,MNG,2010,22.9057961964451
MA,Morocco,MAR,2023,26.6111381429324
MA,Morocco,MAR,2022,28.1448750486273
MA,Morocco,MAR,2021,25.6308472487276
MA,Morocco,MAR,2020,27.2102123069577
MA,Morocco,MAR,2019,23.3876778864301
MA,Morocco,MAR,2018,22.8575069212215
MA,Morocco,MAR,2017,22.6792712298231
MA,Morocco,MAR,2016,22.7685873873314
MA,Morocco,MAR,2015,23.0606083372986
MA,Morocco,MAR,2014,25.4170336330975
MA,Morocco,MAR,2013,25.6987161499953
MA,Morocco,MAR,2012,27.3687204155206
MA,Morocco,MAR,2011,27.0639992297542
MA,Morocco,MAR,2010,25.0281448030242
MZ,Mozambique,MOZ,2022,26.0040350878841
MZ,Mozambique,MOZ,2021,23.3044189350831
MZ,Mozambique,MOZ,2020,22.904910395848
MZ,Mozambique,MOZ,2019,20.0432502816617
MZ,Mozambique,MOZ,2018,19.649486675822
MZ,Mozambique,MOZ,2017,17.6256749397463
MZ,Mozambique,MOZ,2016,18.5198742757507
MZ,Mozambique,MOZ,2012,22.2435713893799
MZ,Mozambique,MOZ,2011,21.2948647268172
MZ,Mozambique,MOZ,2010,19.6201763346953
MM,Myanmar,MMR,2019,13.7755198098588
MM,Myanmar,MMR,2018,6.38116100422309
MM,Myanmar,MMR,2017,16.9198889367861
MM,Myanmar,MMR,2016,15.3475412654351
MM,Myanmar,MMR,2015,17.0397019631168
MM,Myanmar,MMR,2014,16.4944873473396
MM,Myanmar,MMR,2013,14.0348673040125
MM,Myanmar,MMR,2012,10.5504277139389
NA,Namibia,NAM,2023,36.4955503604922
NA,Namibia,NAM,2022,35.7178502960771
NA,Namibia,NAM,2021,37.6029913421383
NA,Namibia,NAM,2020,40.3152887138993
NA,Namibia,NAM,2019,34.5239746739119
NA,Namibia,NAM,2018,35.0992328749854
NA,Namibia,NAM,2017,38.5620994254896
NA,Namibia,NAM,2016,35.4515783037479
NA,Namibia,NAM,2015,38.001067750554
NA,Namibia,NAM,2014,37.1519272841928
NA,Namibia,NAM,2013,35.4484303578021
NA,Namibia,NAM,2012,31.6880904419274
NA,Namibia,NAM,2011,34.1976397187985
NA,Namibia,NAM,2010,28.1021144356645
NR,Nauru,NRU,2020,103.596292774194
NR,Nauru,NRU,2019,89.5330139142857
NR,Nauru,NRU,2018,78.4418546804734
NR,Nauru,NRU,2017,90.5733963172414
NR,Nauru,NRU,2016,88.7897522157045
NR,Nauru,NRU,2015,95.1589702210522
NR,Nauru,NRU,2014,86.7535888152844
NP,Nepal,NPL,2021,19.4418821873399
NP,Nepal,NPL,2020,20.1647829301293
NP,Nepal,NPL,2019,21.7018652753922
NP,Nepal,NPL,2018,20.1657916960524
NP,Nepal,NPL,2017,16.8538084482168
NP,Nepal,NPL,2016,14.2271107367293
NP,Nepal,NPL,2015,13.9897984541113
NP,Nepal,NPL,2014,13.5829915227027
NP,Nepal,NPL,2013,12.6904354155292
NP,Nepal,NPL,2012,13.8393358530682
NP,Nepal,NPL,2011,13.9379082430485
NP,Nepal,NPL,2010,15.6352008846605
NL,Netherlands,NLD,2023,39.9696990762123
NL,Netherlands,NLD,2022,39.3652774144211
NL,Netherlands,NLD,2021,41.7954124838764
NL,Netherlands,NLD,2020,43.0242399226909
NL,Netherlands,NLD,2019,37.4976348782249
NL,Netherlands,NLD,2018,37.9872039305298
NL,Netherlands,NLD,2017,38.2852485346822
NL,Netherlands,NLD,2016,39.4433297462422
NL,Netherlands,NLD,2015,40.6125791110952
NL,Netherlands,NLD,2014,41.9474910370498
NL,Netherlands,NLD,2013,42.4441115620216
NL,Netherlands,NLD,2012,42.1384861264721
NL,Netherlands,NLD,2011,41.8898710848718
NL,Netherlands,NLD,2010,42.4982348970953
NZ,New Zealand,NZL,2022,35.5258252195945
NZ,New Zealand,NZL,2021,33.6065530712399
NZ,New Zealand,NZL,2020,36.3461114628741
NZ,New Zealand,NZL,2019,30.0637021870177
NZ,New Zealand,NZL,2018,29.6846795093578
NZ,New Zealand,NZL,2017,29.8953968712196
NZ,New Zealand,NZL,2016,30.6954172142523
NZ,New Zealand,NZL,2015,31.5156493940971
NZ,New Zealand,NZL,2014,32.3273793106287
NZ,New Zealand,NZL,2013,33.073784356995
NZ,New Zealand,NZL,2012,34.9609913456861
NZ,New Zealand,NZL,2011,40.0409856051015
NZ,New Zealand,NZL,2010,34.1464759438035
NI,Nicaragua,NIC,2023,16.2819508478816
NI,Nicaragua,NIC,2022,16.6889216424618
NI,Nicaragua,NIC,2021,17.1781547228679
NI,Nicaragua,NIC,2020,16.416309030407
NI,Nicaragua,NIC,2019,16.4517837773692
NI,Nicaragua,NIC,2018,16.8472541808642
NI,Nicaragua,NIC,2017,16.5222655263554
NI,Nicaragua,NIC,2016,16.3937935774342
NI,Nicaragua,NIC,2015,15.9243152832014
NI,Nicaragua,NIC,2014,15.427774613121
NI,Nicaragua,NIC,2013,15.0906993541647
NI,Nicaragua,NIC,2012,15.2288833117977
NI,Nicaragua,NIC,2011,14.9750872878552
NI,Nicaragua,NIC,2010,14.9932542908436
MK,North Macedonia,MKD,2023,33.3785817447945
MK,North Macedonia,MKD,2022,32.2023941216836
MK,North Macedonia,MKD,2021,33.3297232827698
MK,North Macedonia,MKD,2020,34.9241702124671
MK,North Macedonia,MKD,2019,29.6872350269893
MK,North Macedonia,MKD,2018,27.8450488948036
MK,North Macedonia,MKD,2017,27.9967047089011
MK,North Macedonia,MKD,2016,27.7831376744929
MK,North Macedonia,MKD,2015,28.7946070150674
MK,North Macedonia,MKD,2014,28.3672213651207
MK,North Macedonia,MKD,2013,28.2476496069864
MK,North Macedonia,MKD,2012,29.3726417014675
MK,North Macedonia,MKD,2011,28.9817013007717
MK,North Macedonia,MKD,2010,30.0860286853756
NO,Norway,NOR,2023,35.8939296791432
NO,Norway,NOR,2022,29.2916941759893
NO,Norway,NOR,2021,36.5206567819884
NO,Norway,NOR,2020,45.3909564287933
NO,Norway,NOR,2019,38.5620876873851
NO,Norway,NOR,2018,37.129454079189
NO,Norway,NOR,2017,38.6946477433892
NO,Norway,NOR,2016,39.7385780326601
NO,Norway,NOR,2015,38.1512199127016
NO,Norway,NOR,2014,35.6063174620846
NO,Norway,NOR,2013,34.1933156114143
NO,Norway,NOR,2012,33.7289756030843
NO,Norway,NOR,2011,34.1417879241789
NO,Norway,NOR,2010,34.7251099755849
PW,Palau,PLW,2020,58.345861021431
PW,Palau,PLW,2019,42.4120372162132
PW,Palau,PLW,2018,40.7211784945635
PW,Palau,PLW,2017,41.331591901119
PW,Palau,PLW,2016,40.4579086572112
PW,Palau,PLW,2015,39.1010693017926
PW,Palau,PLW,2014,45.9953448285555
PW,Palau,PLW,2013,49.012771219228
PW,Palau,PLW,2012,53.6653200415285
PW,Palau,PLW,2011,52.6282969662443
PW,Palau,PLW,2010,50.0187378890732
PA,Panama,PAN,2021,17.1412565540901
PA,Panama,PAN,2020,19.2689143780485
PA,Panama,PAN,2019,15.0372968945625
PA,Panama,PAN,2018,13.5920943104318
PA,Panama,PAN,2017,13.9417844489407
PA,Panama,PAN,2016,13.6950577758806
PA,Panama,PAN,2015,13.9994263604802
PA,Panama,PAN,2014,12.911287461699
PG,Papua New Guinea,PNG,2023,20.3235696640344
PG,Papua New Guinea,PNG,2022,19.4489382425075
PG,Papua New Guinea,PNG,2021,19.8343776635656
PG,Papua New Guinea,PNG,2020,20.8959129575791
PG,Papua New Guinea,PNG,2019,19.1432069429868
PG,Papua New Guinea,PNG,2018,18.3099112905525
PG,Papua New Guinea,PNG,2017,16.582991808656
PG,Papua New Guinea,PNG,2016,18.3875117589636
PG,Papua New Guinea,PNG,2015,20.2295670659165
PG,Papua New Guinea,PNG,2014,21.7511493892941
PY,Paraguay,PRY,2023,18.9555342614778
PY,Paraguay,PRY,2022,16.5354158578939
PY,Paraguay,PRY,2021,16.740069493258
PY,Paraguay,PRY,2020,18.4727986970346
PY,Paraguay,PRY,2019,20.3502301282103
PY,Paraguay,PRY,2018,16.1304844057004
PY,Paraguay,PRY,2017,14.4661468516924
PY,Paraguay,PRY,2016,15.421614390361
PY,Paraguay,PRY,2015,14.8283479769749
PY,Paraguay,PRY,2014,14.0013610516294
PY,Paraguay,PRY,2013,14.3618811109267
PY,Paraguay,PRY,2012,15.7041029014339
PY,Paraguay,PRY,2011,13.0832818921209
PY,Paraguay,PRY,2010,11.8391195380723
PE,Peru,PER,2021,22.846765924466
PE,Peru,PER,2020,26.9065402747666
PE,Peru,PER,2019,20.6619118591877
PE,Peru,PER,2018,19.8892517491084
PE,Peru,PER,2017,20.1502784685185
PE,Peru,PER,2016,19.1880269352898
PE,Peru,PER,2015,20.5675823700928
PE,Peru,PER,2014,20.5114219115948
PE,Peru,PER,2013,18.9583513319003
PE,Peru,PER,2012,17.9177884982323
PE,Peru,PER,2011,17.6278849212839
PE,Peru,PER,2010,17.8223398948007
PH,Philippines,PHL,2023,16.8805903401184
PH,Philippines,PHL,2022,18.6068893324404
PH,Philippines,PHL,2021,19.1392292224505
PH,Philippines,PHL,2020,19.5603029244639
PH,Philippines,PHL,2019,14.8073074115535
PH,Philippines,PHL,2018,14.2125593180425
PH,Philippines,PHL,2017,13.6131575683624
PH,Philippines,PHL,2016,13.4351490147382
PH,Philippines,PHL,2015,13.4767411156598
PH,Philippines,PHL,2014,12.8216477698348
PH,Philippines,PHL,2013,13.20715199779
PH,Philippines,PHL,2012,13.5454813748711
PH,Philippines,PHL,2011,13.5211906618935
PH,Philippines,PHL,2010,13.7936889438216
PL,Poland,POL,2023,39.0982392627941
PL,Poland,POL,2022,36.0632407243175
PL,Poland,POL,2021,36.9985474454804
PL,Poland,POL,2020,40.522296880667
PL,Poland,POL,2019,33.827053466204
PL,Poland,POL,2018,33.0589633854181
PL,Poland,POL,2017,34.2617520918092
PL,Poland,POL,2016,34.8011532937469
PL,Poland,POL,2015,34.1387372869929
PL,Poland,POL,2014,35.0749023643641
PL,Poland,POL,2013,35.9129620312523
PL,Poland,POL,2012,35.0580862781262
PL,Poland,POL,2011,34.8359106996135
PL,Poland,POL,2010,36.7345749661846
PT,Portugal,PRT,2023,37.1595074085006
PT,Portugal,PRT,2022,39.3111762287569
PT,Portugal,PRT,2021,42.4539286342892
PT,Portugal,PRT,2020,44.5273320079934
PT,Portugal,PRT,2019,38.6689545444553
PT,Portugal,PRT,2018,39.2823047343675
PT,Portugal,PRT,2017,41.668947889985
PT,Portugal,PRT,2016,41.3199326718019
PT,Portugal,PRT,2015,44.0036278174494
PT,Portugal,PRT,2014,47.560533270166
PT,Portugal,PRT,2013,45.5809604098825
PT,Portugal,PRT,2012,44.362913573288
PT,Portugal,PRT,2011,44.4757197536512
PT,Portugal,PRT,2010,44.1455271039697
RO,Romania,ROU,2022,37.3030637489096
RO,Romania,ROU,2021,37.1960853122143
RO,Romania,ROU,2020,38.2165874567657
RO,Romania,ROU,2019,33.8174397382353
RO,Romania,ROU,2018,32.7453503974401
RO,Romania,ROU,2017,31.596734508301
RO,Romania,ROU,2016,32.2247603503175
RO,Romania,ROU,2015,33.0135797053001
RO,Romania,ROU,2014,32.4416023202099
RO,Romania,ROU,2013,32.0257142585738
RO,Romania,ROU,2012,32.3000888420702
RO,Romania,ROU,2011,33.654601650106
RO,Romania,ROU,2010,34.8305247040647
RU,Russian Federation,RUS,2023,29.6042548935718
RU,Russian Federation,RUS,2022,31.3980432829166
RU,Russian Federation,RUS,2021,30.78279492703
RU,Russian Federation,RUS,2020,35.2998185923772
RU,Russian Federation,RUS,2019,29.6140297769421
RU,Russian Federation,RUS,2018,28.9441478427563
RU,Russian Federation,RUS,2017,30.7103051722937
RU,Russian Federation,RUS,2016,31.0284467524216
RU,Russian Federation,RUS,2015,30.6476505158828
RU,Russian Federation,RUS,2014,26.4617539784902
RU,Russian Federation,RUS,2013,24.606189979681
RU,Russian Federation,RUS,2012,24.1958551261758
RU,Russian Federation,RUS,2011,23.3499683933859
RU,Russian Federation,RUS,2010,27.37723900216
RW,Rwanda,RWA,2023,18.5668423445955
RW,Rwanda,RWA,2022,19.5599259456344
RW,Rwanda,RWA,2021,20.2881852559219
RW,Rwanda,RWA,2020,21.5299234136986
RW,Rwanda,RWA,2019,19.3459477614836
RW,Rwanda,RWA,2018,18.6862551605661
RW,Rwanda,RWA,2017,18.6727527881822
RW,Rwanda,RWA,2016,18.4596733146591
RW,Rwanda,RWA,2015,16.9330145798429
RW,Rwanda,RWA,2014,17.4176076115731
WS,Samoa,WSM,2023,26.6839529354459
WS,Samoa,WSM,2022,31.8357049993134
WS,Samoa,WSM,2021,34.4350758483726
WS,Samoa,WSM,2020,29.8105315903386
WS,Samoa,WSM,2019,27.8053074483527
WS,Samoa,WSM,2018,28.3133997038535
WS,Samoa,WSM,2017,24.6707628573014
WS,Samoa,WSM,2016,24.9884596525202
WS,Samoa,WSM,2015,28.6031956845264
WS,Samoa,WSM,2014,30.7326856144729
WS,Samoa,WSM,2013,28.7514695428958
WS,Samoa,WSM,2012,28.8073684091597
SM,San Marino,SMR,2023,40.4897504268959
SM,San Marino,SMR,2022,44.64064259247
SM,San Marino,SMR,2021,44.0740495328967
SM,San Marino,SMR,2020,47.440336858793
SM,San Marino,SMR,2019,44.1548282272791
SM,San Marino,SMR,2018,44.3657869864291
SM,San Marino,SMR,2017,43.295388835887
SM,San Marino,SMR,2016,44.9877172522711
SM,San Marino,SMR,2015,45.2377645386161
SM,San Marino,SMR,2014,45.6235726666667
SM,San Marino,SMR,2013,46.0320867563291
SM,San Marino,SMR,2012,44.6508169671737
SM,San Marino,SMR,2011,41.7917820276286
SM,San Marino,SMR,2010,37.2906898520085
SA,Saudi Arabia,SAU,2023,24.2191318731543
SA,Saudi Arabia,SAU,2022,21.9700445283442
SA,Saudi Arabia,SAU,2021,25.0127399358585
SA,Saudi Arabia,SAU,2020,31.9689061537757
SA,Saudi Arabia,SAU,2019,26.7097064575879
SA,Saudi Arabia,SAU,2018,26.7955295916704
SA,Saudi Arabia,SAU,2017,25.9809738148926
SA,Saudi Arabia,SAU,2016,26.940531690074
SA,Saudi Arabia,SAU,2015,30.4187125812982
SA,Saudi Arabia,SAU,2014,27.8187317401037
SA,Saudi Arabia,SAU,2013,25.3542942107349
SA,Saudi Arabia,SAU,2012,25.2980404620107
SA,Saudi Arabia,SAU,2011,22.8756134235045
SA,Saudi Arabia,SAU,2010,24.4346201900162
SN,Senegal,SEN,2023,23.5632436487827
SN,Senegal,SEN,2022,23.1232614462059
SN,Senegal,SEN,2021,19.5888527919007
SN,Senegal,SEN,2020,20.9459226870621
SN,Senegal,SEN,2019,21.2330008972598
SN,Senegal,SEN,2018,19.8471337116101
SN,Senegal,SEN,2017,19.7879059351511
SN,Senegal,SEN,2016,18.3100718301521
SN,Senegal,SEN,2015,18.2988992923632
RS,Serbia,SRB,2022,35.4627580017931
RS,Serbia,SRB,2021,37.6982895078739
RS,Serbia,SRB,2020,42.5376524683873
RS,Serbia,SRB,2019,35.742587631728
RS,Serbia,SRB,2018,35.1923667823381
RS,Serbia,SRB,2017,36.1410383011071
RS,Serbia,SRB,2016,37.7905966728824
RS,Serbia,SRB,2015,39.0527737026285
RS,Serbia,SRB,2014,40.9109680719636
RS,Serbia,SRB,2013,39.1277174777981
RS,Serbia,SRB,2012,35.4259392948407
RS,Serbia,SRB,2011,34.0831778366048
RS,Serbia,SRB,2010,35.1190464053724
SG,Singapore,SGP,2023,17.3034829398763
SG,Singapore,SGP,2022,14.8222699043527
SG,Singapore,SGP,2021,16.2824973554065
SG,Singapore,SGP,2020,25.7456316212339
SG,Singapore,SGP,2019,14.1706593749508
SG,Singapore,SGP,2018,14.6822557796545
SG,Singapore,SGP,2017,14.2879989784805
SG,Singapore,SGP,2016,14.4158695300905
SG,Singapore,SGP,2015,15.9255259430938
SG,Singapore,SGP,2014,13.1510655902688
SG,Singapore,SGP,2013,12.3753378735642
SG,Singapore,SGP,2012,12.3839623831082
SG,Singapore,SGP,2011,12.7726522542327
SG,Singapore,SGP,2010,12.4128043266242
SK,Slovak Republic,SVK,2022,39.7740575217895
SK,Slovak Republic,SVK,2021,42.3958276665658
SK,Slovak Republic,SVK,2020,42.1100121910824
SK,Slovak Republic,SVK,2019,38.0979921157923
SK,Slovak Republic,SVK,2018,37.1287832002824
SK,Slovak Republic,SVK,2017,37.0392854927539
SK,Slovak Republic,SVK,2016,40.3193736538256
SK,Slovak Republic,SVK,2015,40.6783469163369
SK,Slovak Republic,SVK,2014,40.0498953140123
SK,Slovak Republic,SVK,2013,40.0242603858589
SK,Slovak Republic,SVK,2012,39.1325775702987
SK,Slovak Republic,SVK,2011,39.0601443681058
SK,Slovak Republic,SVK,2010,39.5145792054508
SI,Slovenia,SVN,2023,42.8744911319917
SI,Slovenia,SVN,2022,43.55354475193
SI,Slovenia,SVN,2021,46.6078624054164
SI,Slovenia,SVN,2020,49.1075307851423
SI,Slovenia,SVN,2019,40.7895004063214
SI,Slovenia,SVN,2018,41.1450376558141
SI,Slovenia,SVN,2017,42.2981039649573
SI,Slovenia,SVN,2016,44.6747700849883
SI,Slovenia,SVN,2015,46.7222084667928
SI,Slovenia,SVN,2014,47.5336371357467
SI,Slovenia,SVN,2013,54.5726819204219
SI,Slovenia,SVN,2012,47.4901246961825
SI,Slovenia,SVN,2011,48.809028972781
SI,Slovenia,SVN,2010,47.3581596491482
SB,Solomon Islands,SLB,2022,28.8903334458529
SB,Solomon Islands,SLB,2021,30.3797227770116
SB,Solomon Islands,SLB,2020,31.9131931709477
SB,Solomon Islands,SLB,2019,28.9847174846667
SB,Solomon Islands,SLB,2018,27.5770445134498
SB,Solomon Islands,SLB,2017,30.2343478018367
SB,Solomon Islands,SLB,2016,29.7450348399923
SB,Solomon Islands,SLB,2015,30.6740928598214
SB,Solomon Islands,SLB,2014,30.1601465085558
SB,Solomon Islands,SLB,2013,30.5008065146982
SB,Solomon Islands,SLB,2012,25.292876677568
SB,Solomon Islands,SLB,2011,24.9989879358096
SO,"Somalia, Fed. Rep.",SOM,2023,0.000232968990654854
SO,"Somalia, Fed. Rep.",SOM,2020,0.000212722421107802
SO,"Somalia, Fed. Rep.",SOM,2019,0.000138489209989555
SO,"Somalia, Fed. Rep.",SOM,2018,0.000137149334267188
SO,"Somalia, Fed. Rep.",SOM,2017,0.000135889463894207
ZA,South Africa,ZAF,2022,33.4243056296085
ZA,South Africa,ZAF,2021,34.6050550967435
ZA,South Africa,ZAF,2020,37.8354162011745
ZA,South Africa,ZAF,2019,34.6532754617872
ZA,South Africa,ZAF,2018,33.9954978254972
ZA,South Africa,ZAF,2017,33.2518124768773
ZA,South Africa,ZAF,2016,32.1896608002111
ZA,South Africa,ZAF,2015,33.6797787454907
ZA,South Africa,ZAF,2014,31.9053501556958
ZA,South Africa,ZAF,2013,31.259190573785
ZA,South Africa,ZAF,2012,30.3651797341743
ZA,South Africa,ZAF,2011,31.0619734464171
ZA,South Africa,ZAF,2010,29.5775128260769
ES,Spain,ESP,2023,34.0441499010857
ES,Spain,ESP,2022,35.3378206987178
ES,Spain,ESP,2021,38.3621185067432
ES,Spain,ESP,2020,40.3694073931071
ES,Spain,ESP,2019,32.1149229088067
ES,Spain,ESP,2018,31.7256136391383
ES,Spain,ESP,2017,31.3619207811122
ES,Spain,ESP,2016,32.4323867041507
ES,Spain,ESP,2015,32.6560648764801
ES,Spain,ESP,2014,34.5306651240821
ES,Spain,ESP,2013,35.3397643645213
ES,Spain,ESP,2012,38.0321130850107
ES,Spain,ESP,2011,31.1937980143915
ES,Spain,ESP,2010,31.4678153823301
LK,Sri Lanka,LKA,2023,18.1135068059197
LK,Sri Lanka,LKA,2022,15.7428689340544
LK,Sri Lanka,LKA,2021,17.4670693340871
LK,Sri Lanka,LKA,2020,19.0691715859524
LK,Sri Lanka,LKA,2019,15.9340645141306
LK,Sri Lanka,LKA,2018,15.2847949273464
LK,Sri Lanka,LKA,2017,15.3308825075313
LK,Sri Lanka,LKA,2016,15.6608133524657
LK,Sri Lanka,LKA,2015,17.0880556546828
LK,Sri Lanka,LKA,2014,14.203291823048
LK,Sri Lanka,LKA,2013,14.1567195342154
LK,Sri Lanka,LKA,2012,15.0683571124812
LK,Sri Lanka,LKA,2011,15.5785036231068
LK,Sri Lanka,LKA,2010,16.3008487441516
KN,St. Kitts and Nevis,KNA,2020,26.7494626224027
KN,St. Kitts and Nevis,KNA,2017,22.9249011857708
KN,St. Kitts and Nevis,KNA,2016,25.8452551307566
KN,St. Kitts and Nevis,KNA,2015,24.7161926871735
KN,St. Kitts and Nevis,KNA,2014,24.1926323569456
KN,St. Kitts and Nevis,KNA,2013,23.7405136197317
KN,St. Kitts and Nevis,KNA,2012,24.5447767227517
KN,St. Kitts and Nevis,KNA,2011,26.3536290947751
KN,St. Kitts and Nevis,KNA,2010,25.2142646513265
LC,St. Lucia,LCA,2017,17.6109533799361
LC,St. Lucia,LCA,2016,18.1712047602907
LC,St. Lucia,LCA,2015,18.1927333151663
LC,St. Lucia,LCA,2014,18.7084263784196
LC,St. Lucia,LCA,2013,18.9144036439396
LC,St. Lucia,LCA,2012,19.1383489140611
LC,St. Lucia,LCA,2011,17.5988064516129
LC,St. Lucia,LCA,2010,18.0683779894265
VC,St. Vincent and the Grenadines,VCT,2017,24.7315602634593
VC,St. Vincent and the Grenadines,VCT,2016,23.4069552719433
VC,St. Vincent and the Grenadines,VCT,2015,24.1512454678156
VC,St. Vincent and the Grenadines,VCT,2014,24.4500175360209
VC,St. Vincent and the Grenadines,VCT,2013,23.7907595364717
VC,St. Vincent and the Grenadines,VCT,2012,24.8043878812108
VC,St. Vincent and the Grenadines,VCT,2011,25.6928134188285
VC,St. Vincent and the Grenadines,VCT,2010,24.3239968573048
SD,Sudan,SDN,2016,9.72624152630822
SD,Sudan,SDN,2015,10.7117252744407
SD,Sudan,SDN,2014,11.4318600296855
SD,Sudan,SDN,2013,11.5190199018877
SD,Sudan,SDN,2012,11.6352473770618
SD,Sudan,SDN,2010,14.1304915362604
SE,Sweden,SWE,2022,32.505108387211
SE,Sweden,SWE,2021,33.1985359262869
SE,Sweden,SWE,2020,34.935620519644
SE,Sweden,SWE,2019,31.4063339534813
SE,Sweden,SWE,2018,32.0404191268978
SE,Sweden,SWE,2017,31.9815855954628
SE,Sweden,SWE,2016,32.1089664658153
SE,Sweden,SWE,2015,32.3588208377532
SE,Sweden,SWE,2014,33.2571917008143
SE,Sweden,SWE,2013,33.7232350480003
SE,Sweden,SWE,2012,33.0087166179576
SE,Sweden,SWE,2011,32.4394700197068
SE,Sweden,SWE,2010,33.2649399664481
CH,Switzerland,CHE,2023,16.7263244208761
CH,Switzerland,CHE,2022,16.4692697536485
CH,Switzerland,CHE,2021,18.9667523426681
CH,Switzerland,CHE,2020,20.0431954756295
CH,Switzerland,CHE,2019,16.8530605013535
CH,Switzerland,CHE,2018,16.7182236540887
CH,Switzerland,CHE,2017,17.2162171396998
CH,Switzerland,CHE,2016,17.2408228496826
CH,Switzerland,CHE,2015,17.0674446630017
CH,Switzerland,CHE,2014,16.7192645031926
CH,Switzerland,CHE,2013,16.7887620098092
CH,Switzerland,CHE,2012,16.5219261840556
CH,Switzerland,CHE,2011,16.6376791837765
CH,Switzerland,CHE,2010,16.7197445429207
TJ,Tajikistan,TJK,2023,11.0194157341873
TJ,Tajikistan,TJK,2022,10.6910715593023
TJ,Tajikistan,TJK,2021,12.4572895743117
TZ,Tanzania,TZA,2023,17.0304864142749
TZ,Tanzania,TZA,2022,16.8468991314032
TZ,Tanzania,TZA,2021,15.1259358340698
TZ,Tanzania,TZA,2020,14.2926515974573
TZ,Tanzania,TZA,2019,15.3752931466323
TZ,Tanzania,TZA,2018,14.5748625993064
TZ,Tanzania,TZA,2017,15.7386532808111
TZ,Tanzania,TZA,2016,13.3688531461333
TZ,Tanzania,TZA,2015,14.8700779493296
TZ,Tanzania,TZA,2014,16.0794441502738
TZ,Tanzania,TZA,2013,14.8310743082401
TZ,Tanzania,TZA,2012,14.017907635242
TZ,Tanzania,TZA,2011,14.3760474348585
TZ,Tanzania,TZA,2010,13.1930823905635
TH,Thailand,THA,2023,20.7664684607695
TH,Thailand,THA,2022,22.2320443948162
TH,Thailand,THA,2021,25.1329943719962
TH,Thailand,THA,2020,22.8313574596558
TH,Thailand,THA,2019,18.6665827342784
TH,Thailand,THA,2018,19.0196942606136
TH,Thailand,THA,2017,19.122663547864
TH,Thailand,THA,2016,19.6652964019127
TH,Thailand,THA,2015,19.3927758672544
TH,Thailand,THA,2014,19.9952273274915
TH,Thailand,THA,2013,19.817256200685
TH,Thailand,THA,2012,18.6216196174385
TH,Thailand,THA,2011,19.41745835874
TH,Thailand,THA,2010,17.4114153723881
TL,Timor-Leste,TLS,2022,52.4935014691698
TL,Timor-Leste,TLS,2021,41.195523774999
TL,Timor-Leste,TLS,2020,52.1860724771251
TL,Timor-Leste,TLS,2019,49.0454451316042
TL,Timor-Leste,TLS,2018,56.9399591788728
TL,Timor-Leste,TLS,2017,57.0566055190158
TL,Timor-Leste,TLS,2016,70.0955680476359
TL,Timor-Leste,TLS,2015,73.2817850409055
TL,Timor-Leste,TLS,2014,67.3608128869381
TL,Timor-Leste,TLS,2013,62.9205951654641
TL,Timor-Leste,TLS,2012,78.1501272599849
TL,Timor-Leste,TLS,2011,70.6068506665117
TL,Timor-Leste,TLS,2010,83.608026439514
TG,Togo,TGO,2023,15.8768600552922
TG,Togo,TGO,2022,15.2643617638633
TG,Togo,TGO,2021,13.1767183127301
TG,Togo,TGO,2020,14.2385236126303
TG,Togo,TGO,2019,13.3964553052076
TG,Togo,TGO,2018,13.629352901191
TG,Togo,TGO,2017,11.5121352894492
TG,Togo,TGO,2016,13.6105366248066
TG,Togo,TGO,2015,12.9253828694068
TG,Togo,TGO,2014,11.5546526485888
TG,Togo,TGO,2013,12.8302750265792
TG,Togo,TGO,2012,12.5172608076168
TG,Togo,TGO,2011,10.8080523864554
TG,Togo,TGO,2010,10.2474240534217
TO,Tonga,TON,2023,34.6540011081055
TO,Tonga,TON,2022,39.9560181323424
TO,Tonga,TON,2021,36.0009924005587
TO,Tonga,TON,2020,31.4905680806211
TO,Tonga,TON,2019,30.6375379365758
TO,Tonga,TON,2018,31.0773621606671
TO,Tonga,TON,2017,31.8933110532989
TO,Tonga,TON,2016,31.1425873423987
TO,Tonga,TON,2015,30.2267600376211
TO,Tonga,TON,2014,30.3775518946562
TO,Tonga,TON,2013,27.6506577630826
TT,Trinidad and Tobago,TTO,2019,33.3170063318443
TT,Trinidad and Tobago,TTO,2018,31.3554382243583
TT,Trinidad and Tobago,TTO,2017,33.0427784747773
TT,Trinidad and Tobago,TTO,2016,33.4266953115139
TT,Trinidad and Tobago,TTO,2015,33.548036960979
TT,Trinidad and Tobago,TTO,2014,31.0983182216628
TT,Trinidad and Tobago,TTO,2013,29.4421979833723
TT,Trinidad and Tobago,TTO,2012,28.5234295252083
TT,Trinidad and Tobago,TTO,2011,27.3237231592599
TT,Trinidad and Tobago,TTO,2010,30.6976810034827
TN,Tunisia,TUN,2012,33.7641230227092
TN,Tunisia,TUN,2011,32.9045333238864
TN,Tunisia,TUN,2010,26.738524994179
TR,Turkiye,TUR,2023,33.0277530817277
TR,Turkiye,TUR,2022,29.0624088388364
TR,Turkiye,TUR,2021,30.2009775804558
TR,Turkiye,TUR,2020,33.4510950281809
TR,Turkiye,TUR,2019,34.8909170453359
TR,Turkiye,TUR,2018,33.1443390183968
TR,Turkiye,TUR,2017,31.5527664341113
TR,Turkiye,TUR,2016,30.6055405050211
TR,Turkiye,TUR,2015,28.8436742291669
TR,Turkiye,TUR,2014,29.2713082967685
TR,Turkiye,TUR,2013,28.9891426072392
TR,Turkiye,TUR,2012,29.4208604116485
TR,Turkiye,TUR,2011,30.1444408136135
TR,Turkiye,TUR,2010,32.6419229851543
UG,Uganda,UGA,2023,16.5833400364579
UG,Uganda,UGA,2022,16.9424354799697
UG,Uganda,UGA,2021,15.5883809350268
UG,Uganda,UGA,2020,13.6717290825135
UG,Uganda,UGA,2019,13.5150737617182
UG,Uganda,UGA,2018,11.8357641142331
UG,Uganda,UGA,2017,11.2580442930702
UG,Uganda,UGA,2016,11.3130644156105
UG,Uganda,UGA,2015,10.7611098309033
UA,Ukraine,UKR,2023,65.5600221546264
UA,Ukraine,UKR,2022,57.894766176113
UA,Ukraine,UKR,2021,33.2615744813331
UA,Ukraine,UKR,2020,37.2092047751482
UA,Ukraine,UKR,2019,33.057438930624
UA,Ukraine,UKR,2018,33.4087191126581
UA,Ukraine,UKR,2017,33.6062064378191
UA,Ukraine,UKR,2016,33.5044167207813
UA,Ukraine,UKR,2015,37.3687532184352
UA,Ukraine,UKR,2014,43.5407000374941
UA,Ukraine,UKR,2013,38.6815940819239
UA,Ukraine,UKR,2012,39.5379741977224
UA,Ukraine,UKR,2011,36.8763128364085
UA,Ukraine,UKR,2010,39.5439524891017
AE,United Arab Emirates,ARE,2023,3.76871736070712
AE,United Arab Emirates,ARE,2022,3.80975761562276
AE,United Arab Emirates,ARE,2021,4.2622144988053
AE,United Arab Emirates,ARE,2020,5.14595392942734
AE,United Arab Emirates,ARE,2019,4.10289469305294
AE,United Arab Emirates,ARE,2018,3.79808876621628
AE,United Arab Emirates,ARE,2017,3.887390179139
AE,United Arab Emirates,ARE,2016,4.17730398274504
AE,United Arab Emirates,ARE,2015,4.02087301005855
AE,United Arab Emirates,ARE,2014,3.69545788550068
AE,United Arab Emirates,ARE,2013,3.81987248786939
AE,United Arab Emirates,ARE,2012,4.05152749398697
AE,United Arab Emirates,ARE,2011,3.92178563553173
GB,United Kingdom,GBR,2023,41.2292290721047
GB,United Kingdom,GBR,2022,40.6510938418388
GB,United Kingdom,GBR,2021,42.9472430652547
GB,United Kingdom,GBR,2020,47.5326631273768
GB,United Kingdom,GBR,2019,36.4058676559426
GB,United Kingdom,GBR,2018,37.1969170536007
GB,United Kingdom,GBR,2017,36.8434052284403
GB,United Kingdom,GBR,2016,37.0119041977698
GB,United Kingdom,GBR,2015,38.2133758226073
GB,United Kingdom,GBR,2014,39.1461420557996
GB,United Kingdom,GBR,2013,40.0310887432144
GB,United Kingdom,GBR,2012,43.130949034331
GB,United Kingdom,GBR,2011,42.5122983092258
GB,United Kingdom,GBR,2010,43.9387835050398
US,United States,USA,2023,24.8982825568771
US,United States,USA,2022,25.0456420310833
US,United States,USA,2021,31.7949992963696
US,United States,USA,2020,32.2719048246125
US,United States,USA,2019,22.6817722119359
US,United States,USA,2018,22.3027770799805
US,United States,USA,2017,22.2938931566746
US,United States,USA,2016,22.5475774689178
US,United States,USA,2015,22.4829063870174
US,United States,USA,2014,22.6840940666098
US,United States,USA,2013,22.9323968457359
US,United States,USA,2012,23.9119007034258
US,United States,USA,2011,25.3457058278502
US,United States,USA,2010,26.054604717757
UY,Uruguay,URY,2023,37.0207453769907
UY,Uruguay,URY,2022,36.2885816637948
UY,Uruguay,URY,2021,31.732289978428
UY,Uruguay,URY,2020,34.6908132172211
UY,Uruguay,URY,2019,32.0674084420152
UY,Uruguay,URY,2018,31.913342812641
UY,Uruguay,URY,2017,31.2481222232683
UY,Uruguay,URY,2016,35.2210254750392
UY,Uruguay,URY,2015,29.5758720947321
UY,Uruguay,URY,2014,29.5808927457727
UY,Uruguay,URY,2013,29.2703887862228
UY,Uruguay,URY,2012,28.8425661023934
UY,Uruguay,URY,2011,27.7352832980739
UY,Uruguay,URY,2010,28.2518723908528
UZ,Uzbekistan,UZB,2023,23.4077199970825
UZ,Uzbekistan,UZB,2022,23.0754381727755
UZ,Uzbekistan,UZB,2021,22.9539537188575
UZ,Uzbekistan,UZB,2020,19.0457219546426
UZ,Uzbekistan,UZB,2019,14.9956906222483
UZ,Uzbekistan,UZB,2018,14.7032357205468
UZ,Uzbekistan,UZB,2017,12.7115047065447
UZ,Uzbekistan,UZB,2016,14.3349191578636
UZ,Uzbekistan,UZB,2015,15.0650928348686
UZ,Uzbekistan,UZB,2014,14.9694154891084
UZ,Uzbekistan,UZB,2013,15.1490429292478
UZ,Uzbekistan,UZB,2012,14.2580363056074
UZ,Uzbekistan,UZB,2011,14.3121958203505
VU,Vanuatu,VUT,2023,28.3371088388645
VU,Vanuatu,VUT,2022,30.7598713677672
VU,Vanuatu,VUT,2021,34.2581197821636
VU,Vanuatu,VUT,2020,34.0395886742464
VU,Vanuatu,VUT,2019,27.8408806021405
VU,Vanuatu,VUT,2018,25.6217665107025
VU,Vanuatu,VUT,2017,26.9295056224773
VU,Vanuatu,VUT,2016,24.8127014120506
VU,Vanuatu,VUT,2015,23.1311009927776
VU,Vanuatu,VUT,2014,22.9911274731713
VU,Vanuatu,VUT,2013,21.8910199185404
VU,Vanuatu,VUT,2012,22.7423135771818
VU,Vanuatu,VUT,2011,22.6612002031783
VU,Vanuatu,VUT,2010,23.2458920548957
PS,West Bank and Gaza,PSE,2021,26.1664917273852
PS,West Bank and Gaza,PSE,2020,29.2345671715076
PS,West Bank and Gaza,PSE,2019,24.4661085271964
PS,West Bank and Gaza,PSE,2018,24.6173065578854
PS,West Bank and Gaza,PSE,2017,26.8736803995996
PS,West Bank and Gaza,PSE,2016,25.6715596577174
PS,West Bank and Gaza,PSE,2015,26.9877492913172
PS,West Bank and Gaza,PSE,2014,26.6277111254709
PS,West Bank and Gaza,PSE,2013,25.1983472013614
PS,West Bank and Gaza,PSE,2012,25.6999265911176
PS,West Bank and Gaza,PSE,2011,28.191350444212
PS,West Bank and Gaza,PSE,2010,31.7461919284202
ZM,Zambia,ZMB,2021,25.1370961006544
ZM,Zambia,ZMB,2020,25.3722344097293
ZM,Zambia,ZMB,2019,21.9561627239835
ZM,Zambia,ZMB,2018,20.1107118421132
ZM,Zambia,ZMB,2017,20.9220759632247
ZM,Zambia,ZMB,2016,22.4086833420161
ZM,Zambia,ZMB,2015,23.233787759937
ZM,Zambia,ZMB,2014,20.2562396253045
ZM,Zambia,ZMB,2013,17.8533057349122
ZM,Zambia,ZMB,2012,16.5322416609076
ZM,Zambia,ZMB,2011,14.4956773687217
ZM,Zambia,ZMB,2010,14.6688561532361
ZW,Zimbabwe,ZWE,2018,10.9772842777823
ZW,Zimbabwe,ZWE,2017,9.78276662473592
ZW,Zimbabwe,ZWE,2016,25.2362484712416
ZW,Zimbabwe,ZWE,2015,21.8094849313164
ZW,Zimbabwe,ZWE,2012,20.2119298760243
ZW,Zimbabwe,ZWE,2011,19.0771549950937
ZW,Zimbabwe,ZWE,2010,16.1209443547968
