country,ym,sb,n,sb_rate,cohort,id
AT,24183,6,77,0.07792207792207792,24209,1
AT,24184,4,79,0.05063291139240506,24209,1
AT,24185,5,75,0.06666666666666667,24209,1
AT,24186,61,141,0.4326241134751773,24209,1
AT,24187,8,50,0.16,24209,1
AT,24188,5,29,0.1724137931034483,24209,1
AT,24189,11,55,0.2,24209,1
AT,24191,33,83,0.39759036144578314,24209,1
AT,24192,22,129,0.17054263565891473,24209,1
AT,24193,13,78,0.16666666666666666,24209,1
AT,24194,15,211,0.07109004739336493,24209,1
AT,24195,12,67,0.1791044776119403,24209,1
AT,24196,24,26,0.9230769230769231,24209,1
AT,24203,6,48,0.125,24209,1
AT,24204,6,47,0.1276595744680851,24209,1
AT,24205,20,144,0.1388888888888889,24209,1
AT,24206,15,63,0.23809523809523808,24209,1
AT,24207,5,25,0.2,24209,1
AT,24209,42,157,0.267515923566879,24209,1
AT,24210,14,67,0.208955223880597,24209,1
AT,24212,12,103,0.11650485436893204,24209,1
AT,24213,15,77,0.19480519480519481,24209,1
AT,24214,15,71,0.2112676056338028,24209,1
AT,24215,53,146,0.363013698630137,24209,1
AT,24216,27,110,0.24545454545454545,24209,1
AT,24217,11,48,0.22916666666666666,24209,1
AT,24218,26,201,0.12935323383084577,24209,1
AT,24219,8,58,0.13793103448275862,24209,1
AT,24220,10,55,0.18181818181818182,24209,1
AT,24221,23,79,0.2911392405063291,24209,1
AT,24222,14,65,0.2153846153846154,24209,1
AT,24223,12,89,0.1348314606741573,24209,1
AT,24224,36,62,0.5806451612903226,24209,1
AT,24225,9,44,0.20454545454545456,24209,1
AT,24226,18,90,0.2,24209,1
AT,24227,43,138,0.3115942028985507,24209,1
AT,24228,27,131,0.20610687022900764,24209,1
AT,24229,372,1007,0.36941410129096325,24209,1
AT,24230,21,95,0.22105263157894736,24209,1
AT,24231,35,92,0.3804347826086957,24209,1
AT,24232,19,88,0.2159090909090909,24209,1
AT,24233,40,94,0.425531914893617,24209,1
AT,24234,59,221,0.2669683257918552,24209,1
AT,24235,42,112,0.375,24209,1
AT,24236,27,112,0.24107142857142858,24209,1
AT,24238,59,171,0.34502923976608185,24209,1
AT,24240,66,208,0.3173076923076923,24209,1
AT,24241,49,98,0.5,24209,1
AT,24242,50,174,0.28735632183908044,24209,1
AT,24243,27,129,0.20930232558139536,24209,1
AT,24244,31,65,0.47692307692307695,24209,1
AT,24245,29,144,0.2013888888888889,24209,1
AT,24246,47,351,0.1339031339031339,24209,1
AT,24247,34,123,0.2764227642276423,24209,1
AT,24248,58,176,0.32954545454545453,24209,1
AT,24249,28,124,0.22580645161290322,24209,1
AT,24250,56,202,0.27722772277227725,24209,1
AT,24251,68,117,0.5811965811965812,24209,1
BE,24182,72,731,0.09849521203830369,24197,2
BE,24183,221,1389,0.15910727141828654,24197,2
BE,24184,237,1038,0.22832369942196531,24197,2
BE,24185,189,998,0.18937875751503006,24197,2
BE,24186,287,1017,0.28220255653883974,24197,2
BE,24187,69,521,0.1324376199616123,24197,2
BE,24188,244,744,0.3279569892473118,24197,2
BE,24189,163,934,0.1745182012847966,24197,2
BE,24190,169,573,0.2949389179755672,24197,2
BE,24191,5208,6656,0.7824519230769231,24197,2
BE,24192,527,3270,0.16116207951070335,24197,2
BE,24193,233,1124,0.20729537366548043,24197,2
BE,24194,168,602,0.27906976744186046,24197,2
BE,24195,146,1736,0.08410138248847926,24197,2
BE,24196,54,1304,0.04141104294478527,24197,2
BE,24197,83,781,0.10627400768245839,24197,2
BE,24198,57,328,0.17378048780487804,24197,2
BE,24199,101,802,0.1259351620947631,24197,2
BE,24200,22,617,0.03565640194489465,24197,2
BE,24201,33,340,0.09705882352941177,24197,2
BE,24202,120,360,0.3333333333333333,24197,2
BE,24203,164,872,0.18807339449541285,24197,2
BE,24204,484,1821,0.26578802855573863,24197,2
BE,24205,199,798,0.24937343358395989,24197,2
BE,24206,301,1025,0.29365853658536584,24197,2
BE,24207,88,528,0.16666666666666666,24197,2
BE,24208,84,315,0.26666666666666666,24197,2
BE,24209,188,755,0.24900662251655628,24197,2
BE,24210,159,317,0.501577287066246,24197,2
BE,24211,0,75,0.0,24197,2
BE,24212,243,959,0.2533889468196038,24197,2
BE,24213,268,1815,0.14765840220385676,24197,2
BE,24214,386,1241,0.31103948428686545,24197,2
BE,24215,277,1168,0.23715753424657535,24197,2
BE,24216,356,2073,0.17173178967679692,24197,2
BE,24217,277,1068,0.25936329588014984,24197,2
BE,24218,239,661,0.3615733736762481,24197,2
BE,24219,133,380,0.35,24197,2
BE,24220,232,735,0.31564625850340133,24197,2
BE,24221,123,824,0.14927184466019416,24197,2
BE,24222,275,1718,0.160069848661234,24197,2
BE,24223,146,1324,0.11027190332326284,24197,2
BE,24224,208,754,0.27586206896551724,24197,2
BE,24225,304,1069,0.284377923292797,24197,2
BE,24226,389,1470,0.2646258503401361,24197,2
BE,24227,329,1688,0.19490521327014218,24197,2
BE,24228,441,1731,0.25476603119584057,24197,2
BE,24229,363,1343,0.2702903946388682,24197,2
BE,24230,116,719,0.16133518776077885,24197,2
BE,24231,128,830,0.15421686746987953,24197,2
BE,24232,94,548,0.17153284671532848,24197,2
BE,24233,208,1077,0.19312906220984216,24197,2
BE,24234,138,1008,0.13690476190476192,24197,2
BE,24235,154,1428,0.10784313725490197,24197,2
BE,24236,71,439,0.16173120728929385,24197,2
BE,24237,113,1065,0.10610328638497653,24197,2
BE,24238,250,786,0.31806615776081426,24197,2
BE,24239,6,37,0.16216216216216217,24197,2
BE,24240,634,2487,0.25492561318858065,24197,2
BE,24241,180,733,0.24556616643929058,24197,2
BE,24242,104,532,0.19548872180451127,24197,2
BE,24243,246,742,0.33153638814016173,24197,2
BE,24244,176,1480,0.11891891891891893,24197,2
BE,24245,290,2406,0.12053200332502079,24197,2
BE,24246,285,942,0.30254777070063693,24197,2
BE,24247,225,950,0.23684210526315788,24197,2
BE,24248,178,673,0.26448736998514116,24197,2
BE,24249,193,1163,0.16595012897678418,24197,2
BE,24250,393,1356,0.28982300884955753,24197,2
BE,24251,309,1837,0.16820903647250954,24197,2
BG,24183,31,165,0.18787878787878787,24201,3
BG,24184,49,164,0.29878048780487804,24201,3
BG,24185,43,140,0.30714285714285716,24201,3
BG,24186,43,159,0.27044025157232704,24201,3
BG,24187,39,186,0.20967741935483872,24201,3
BG,24188,55,253,0.21739130434782608,24201,3
BG,24189,76,243,0.31275720164609055,24201,3
BG,24190,11,27,0.4074074074074074,24201,3
BG,24191,62,205,0.3024390243902439,24201,3
BG,24192,58,203,0.2857142857142857,24201,3
BG,24193,71,309,0.2297734627831715,24201,3
BG,24194,59,159,0.3710691823899371,24201,3
BG,24195,49,224,0.21875,24201,3
BG,24196,49,190,0.2578947368421053,24201,3
BG,24197,41,204,0.20098039215686275,24201,3
BG,24198,33,151,0.2185430463576159,24201,3
BG,24199,75,250,0.3,24201,3
BG,24200,53,165,0.3212121212121212,24201,3
BG,24201,28,173,0.16184971098265896,24201,3
BG,24202,50,169,0.2958579881656805,24201,3
BG,24203,40,107,0.37383177570093457,24201,3
BG,24204,93,248,0.375,24201,3
BG,24205,77,181,0.425414364640884,24201,3
BG,24206,81,263,0.30798479087452474,24201,3
BG,24207,69,179,0.3854748603351955,24201,3
BG,24208,1,21,0.047619047619047616,24201,3
BG,24209,87,228,0.3815789473684211,24201,3
BG,24210,87,296,0.2939189189189189,24201,3
BG,24211,10,27,0.37037037037037035,24201,3
BG,24212,97,286,0.33916083916083917,24201,3
BG,24213,100,322,0.3105590062111801,24201,3
BG,24214,71,240,0.29583333333333334,24201,3
BG,24215,72,249,0.2891566265060241,24201,3
BG,24216,100,262,0.3816793893129771,24201,3
BG,24217,81,181,0.44751381215469616,24201,3
BG,24218,69,229,0.30131004366812225,24201,3
BG,24219,91,261,0.3486590038314176,24201,3
BG,24220,76,252,0.30158730158730157,24201,3
BG,24221,117,317,0.36908517350157727,24201,3
BG,24222,108,274,0.39416058394160586,24201,3
BG,24223,123,277,0.44404332129963897,24201,3
BG,24224,92,234,0.39316239316239315,24201,3
BG,24225,115,326,0.35276073619631904,24201,3
BG,24226,125,302,0.4139072847682119,24201,3
BG,24227,104,245,0.42448979591836733,24201,3
BG,24228,147,347,0.42363112391930835,24201,3
BG,24229,100,263,0.38022813688212925,24201,3
BG,24230,110,287,0.3832752613240418,24201,3
BG,24231,135,352,0.3835227272727273,24201,3
BG,24232,135,294,0.45918367346938777,24201,3
BG,24233,88,215,0.40930232558139534,24201,3
BG,24234,156,340,0.4588235294117647,24201,3
BG,24235,123,266,0.462406015037594,24201,3
BG,24236,141,248,0.5685483870967742,24201,3
BG,24237,23,38,0.6052631578947368,24201,3
BG,24238,85,201,0.4228855721393035,24201,3
BG,24240,131,273,0.47985347985347987,24201,3
BG,24241,92,231,0.39826839826839827,24201,3
BG,24242,115,261,0.44061302681992337,24201,3
BG,24243,71,157,0.45222929936305734,24201,3
BG,24244,112,245,0.45714285714285713,24201,3
BG,24245,104,302,0.3443708609271523,24201,3
BG,24246,146,280,0.5214285714285715,24201,3
BG,24247,112,254,0.4409448818897638,24201,3
BG,24248,111,284,0.3908450704225352,24201,3
BG,24249,114,336,0.3392857142857143,24201,3
BG,24250,97,300,0.3233333333333333,24201,3
BG,24251,163,350,0.4657142857142857,24201,3
CZ,24182,10,39,0.2564102564102564,24195,4
CZ,24183,61,198,0.30808080808080807,24195,4
CZ,24184,68,263,0.2585551330798479,24195,4
CZ,24185,75,454,0.16519823788546256,24195,4
CZ,24186,72,264,0.2727272727272727,24195,4
CZ,24187,65,308,0.21103896103896103,24195,4
CZ,24188,121,347,0.34870317002881845,24195,4
CZ,24189,105,234,0.44871794871794873,24195,4
CZ,24190,22,77,0.2857142857142857,24195,4
CZ,24191,113,385,0.2935064935064935,24195,4
CZ,24192,185,368,0.5027173913043478,24195,4
CZ,24193,53,165,0.3212121212121212,24195,4
CZ,24194,96,186,0.5161290322580645,24195,4
CZ,24195,65,150,0.43333333333333335,24195,4
CZ,24196,67,171,0.391812865497076,24195,4
CZ,24197,81,190,0.4263157894736842,24195,4
CZ,24198,57,295,0.19322033898305085,24195,4
CZ,24199,75,206,0.3640776699029126,24195,4
CZ,24200,68,210,0.3238095238095238,24195,4
CZ,24203,31,62,0.5,24195,4
CZ,24204,629,1117,0.5631154879140555,24195,4
CZ,24205,61,239,0.25523012552301255,24195,4
CZ,24206,65,224,0.29017857142857145,24195,4
CZ,24207,557,985,0.5654822335025381,24195,4
CZ,24208,13,54,0.24074074074074073,24195,4
CZ,24209,173,316,0.5474683544303798,24195,4
CZ,24210,469,750,0.6253333333333333,24195,4
CZ,24212,88,291,0.3024054982817869,24195,4
CZ,24213,499,935,0.5336898395721925,24195,4
CZ,24214,99,350,0.28285714285714286,24195,4
CZ,24215,185,319,0.5799373040752351,24195,4
CZ,24216,774,1345,0.5754646840148699,24195,4
CZ,24217,71,217,0.3271889400921659,24195,4
CZ,24218,86,235,0.3659574468085106,24195,4
CZ,24219,639,1034,0.6179883945841392,24195,4
CZ,24220,99,300,0.33,24195,4
CZ,24221,115,317,0.3627760252365931,24195,4
CZ,24222,702,1035,0.6782608695652174,24195,4
CZ,24223,109,293,0.3720136518771331,24195,4
CZ,24224,111,404,0.2747524752475248,24195,4
CZ,24225,695,1088,0.6387867647058824,24195,4
CZ,24226,129,272,0.4742647058823529,24195,4
CZ,24227,93,266,0.34962406015037595,24195,4
CZ,24228,807,1190,0.6781512605042017,24195,4
CZ,24229,79,248,0.3185483870967742,24195,4
CZ,24230,79,208,0.3798076923076923,24195,4
CZ,24231,625,979,0.6384065372829418,24195,4
CZ,24232,184,320,0.575,24195,4
CZ,24233,76,161,0.4720496894409938,24195,4
CZ,24234,741,1253,0.5913806863527534,24195,4
CZ,24235,108,282,0.3829787234042553,24195,4
CZ,24236,80,241,0.33195020746887965,24195,4
CZ,24237,112,150,0.7466666666666667,24195,4
CZ,24238,86,298,0.28859060402684567,24195,4
CZ,24240,762,1222,0.6235679214402619,24195,4
CZ,24241,156,345,0.45217391304347826,24195,4
CZ,24242,92,258,0.35658914728682173,24195,4
CZ,24243,701,1216,0.5764802631578947,24195,4
CZ,24244,104,266,0.39097744360902253,24195,4
CZ,24245,102,278,0.3669064748201439,24195,4
CZ,24246,643,1274,0.5047095761381476,24195,4
CZ,24247,83,264,0.3143939393939394,24195,4
CZ,24248,123,292,0.4212328767123288,24195,4
CZ,24249,929,1521,0.6107823800131492,24195,4
CZ,24250,92,260,0.35384615384615387,24195,4
CZ,24251,107,404,0.26485148514851486,24195,4
DE,24182,30,141,0.2127659574468085,24193,5
DE,24183,70,578,0.12110726643598616,24193,5
DE,24184,67,603,0.1111111111111111,24193,5
DE,24185,82,674,0.12166172106824925,24193,5
DE,24186,112,854,0.13114754098360656,24193,5
DE,24187,156,657,0.2374429223744292,24193,5
DE,24188,107,714,0.14985994397759103,24193,5
DE,24189,142,623,0.22792937399678972,24193,5
DE,24190,27,118,0.2288135593220339,24193,5
DE,24191,245,889,0.2755905511811024,24193,5
DE,24192,224,1398,0.16022889842632332,24193,5
DE,24193,119,723,0.16459197786998617,24193,5
DE,24194,195,1488,0.1310483870967742,24193,5
DE,24195,141,1526,0.09239842726081259,24193,5
DE,24196,96,475,0.20210526315789473,24193,5
DE,24197,137,552,0.24818840579710144,24193,5
DE,24198,184,606,0.30363036303630364,24193,5
DE,24199,80,468,0.17094017094017094,24193,5
DE,24200,96,374,0.25668449197860965,24193,5
DE,24201,61,278,0.21942446043165467,24193,5
DE,24202,56,281,0.199288256227758,24193,5
DE,24203,67,270,0.24814814814814815,24193,5
DE,24204,266,987,0.2695035460992908,24193,5
DE,24205,272,1110,0.24504504504504504,24193,5
DE,24206,266,1658,0.16043425814234016,24193,5
DE,24207,149,648,0.22993827160493827,24193,5
DE,24208,24,91,0.26373626373626374,24193,5
DE,24209,402,1311,0.30663615560640733,24193,5
DE,24210,318,1453,0.2188575361321404,24193,5
DE,24211,25,168,0.1488095238095238,24193,5
DE,24212,191,963,0.19833852544132918,24193,5
DE,24213,354,1373,0.2578295702840495,24193,5
DE,24214,307,1385,0.2216606498194946,24193,5
DE,24215,386,1562,0.2471190781049936,24193,5
DE,24216,381,1834,0.20774263904034895,24193,5
DE,24217,224,1396,0.16045845272206305,24193,5
DE,24218,248,1314,0.1887366818873668,24193,5
DE,24219,266,1135,0.2343612334801762,24193,5
DE,24220,184,1037,0.17743490838958534,24193,5
DE,24221,390,1650,0.23636363636363636,24193,5
DE,24222,456,1781,0.25603593486805165,24193,5
DE,24223,279,1631,0.17106069895769466,24193,5
DE,24224,265,1097,0.2415679124886053,24193,5
DE,24225,322,4076,0.07899901864573111,24193,5
DE,24226,482,1864,0.25858369098712447,24193,5
DE,24227,338,1464,0.23087431693989072,24193,5
DE,24228,367,2955,0.12419627749576988,24193,5
DE,24229,302,1204,0.25083056478405313,24193,5
DE,24230,292,1431,0.20405310971348709,24193,5
DE,24231,306,1631,0.18761496014714898,24193,5
DE,24232,325,1430,0.22727272727272727,24193,5
DE,24233,455,1857,0.24501884760366183,24193,5
DE,24234,751,2549,0.29462534327187134,24193,5
DE,24235,528,1744,0.30275229357798167,24193,5
DE,24236,270,1102,0.24500907441016334,24193,5
DE,24237,18,93,0.1935483870967742,24193,5
DE,24238,381,1445,0.26366782006920414,24193,5
DE,24239,10,98,0.10204081632653061,24193,5
DE,24240,492,2364,0.20812182741116753,24193,5
DE,24241,295,1320,0.22348484848484848,24193,5
DE,24242,338,1694,0.19952774498229045,24193,5
DE,24243,310,1166,0.2658662092624357,24193,5
DE,24244,297,1247,0.23817161186848437,24193,5
DE,24245,416,1679,0.24776652769505658,24193,5
DE,24246,684,2704,0.2529585798816568,24193,5
DE,24247,310,1902,0.16298633017875921,24193,5
DE,24248,423,1761,0.2402044293015332,24193,5
DE,24249,426,1731,0.24610051993067592,24193,5
DE,24250,413,2150,0.19209302325581395,24193,5
DE,24251,637,2401,0.2653061224489796,24193,5
DK,24182,0,102,0.0,24191,6
DK,24183,12,115,0.10434782608695652,24191,6
DK,24184,10,60,0.16666666666666666,24191,6
DK,24185,5,187,0.026737967914438502,24191,6
DK,24186,11,196,0.05612244897959184,24191,6
DK,24187,152,348,0.4367816091954023,24191,6
DK,24188,4,58,0.06896551724137931,24191,6
DK,24189,13,158,0.08227848101265822,24191,6
DK,24190,4,25,0.16,24191,6
DK,24191,53,372,0.1424731182795699,24191,6
DK,24192,36,445,0.08089887640449438,24191,6
DK,24193,35,221,0.1583710407239819,24191,6
DK,24194,6,139,0.04316546762589928,24191,6
DK,24195,8,74,0.10810810810810811,24191,6
DK,24196,11,46,0.2391304347826087,24191,6
DK,24197,6,80,0.075,24191,6
DK,24198,1,21,0.047619047619047616,24191,6
DK,24199,3,81,0.037037037037037035,24191,6
DK,24201,1,26,0.038461538461538464,24191,6
DK,24202,3,41,0.07317073170731707,24191,6
DK,24203,29,123,0.23577235772357724,24191,6
DK,24204,39,268,0.1455223880597015,24191,6
DK,24205,22,107,0.205607476635514,24191,6
DK,24206,11,109,0.10091743119266056,24191,6
DK,24207,7,93,0.07526881720430108,24191,6
DK,24209,10,76,0.13157894736842105,24191,6
DK,24210,8,82,0.0975609756097561,24191,6
DK,24212,9,72,0.125,24191,6
DK,24213,6,139,0.04316546762589928,24191,6
DK,24214,16,184,0.08695652173913043,24191,6
DK,24215,19,255,0.07450980392156863,24191,6
DK,24216,54,319,0.16927899686520376,24191,6
DK,24217,15,151,0.09933774834437085,24191,6
DK,24218,6,168,0.03571428571428571,24191,6
DK,24219,9,191,0.04712041884816754,24191,6
DK,24220,20,162,0.12345679012345678,24191,6
DK,24221,6,76,0.07894736842105263,24191,6
DK,24222,10,152,0.06578947368421052,24191,6
DK,24223,10,74,0.13513513513513514,24191,6
DK,24224,8,70,0.11428571428571428,24191,6
DK,24225,9,60,0.15,24191,6
DK,24226,14,147,0.09523809523809523,24191,6
DK,24227,43,205,0.2097560975609756,24191,6
DK,24228,80,452,0.17699115044247787,24191,6
DK,24229,19,190,0.1,24191,6
DK,24230,16,289,0.05536332179930796,24191,6
DK,24231,22,178,0.12359550561797752,24191,6
DK,24232,2,171,0.011695906432748537,24191,6
DK,24233,40,142,0.28169014084507044,24191,6
DK,24234,12,167,0.0718562874251497,24191,6
DK,24235,8,166,0.04819277108433735,24191,6
DK,24236,33,88,0.375,24191,6
DK,24238,19,137,0.1386861313868613,24191,6
DK,24240,129,444,0.2905405405405405,24191,6
DK,24241,44,230,0.19130434782608696,24191,6
DK,24242,16,133,0.12030075187969924,24191,6
DK,24243,15,126,0.11904761904761904,24191,6
DK,24244,20,101,0.19801980198019803,24191,6
DK,24245,32,297,0.10774410774410774,24191,6
DK,24246,22,197,0.1116751269035533,24191,6
DK,24247,3,117,0.02564102564102564,24191,6
DK,24248,15,128,0.1171875,24191,6
DK,24249,3,104,0.028846153846153848,24191,6
DK,24250,61,253,0.24110671936758893,24191,6
DK,24251,67,270,0.24814814814814815,24191,6
EE,24183,16,71,0.22535211267605634,24210,7
EE,24184,10,47,0.2127659574468085,24210,7
EE,24185,16,287,0.05574912891986063,24210,7
EE,24186,9,48,0.1875,24210,7
EE,24187,12,46,0.2608695652173913,24210,7
EE,24188,56,117,0.47863247863247865,24210,7
EE,24189,9,38,0.23684210526315788,24210,7
EE,24190,96,123,0.7804878048780488,24210,7
EE,24191,60,157,0.3821656050955414,24210,7
EE,24192,10,65,0.15384615384615385,24210,7
EE,24193,11,49,0.22448979591836735,24210,7
EE,24194,8,26,0.3076923076923077,24210,7
EE,24195,8,29,0.27586206896551724,24210,7
EE,24196,14,42,0.3333333333333333,24210,7
EE,24197,21,90,0.23333333333333334,24210,7
EE,24198,18,80,0.225,24210,7
EE,24199,9,49,0.1836734693877551,24210,7
EE,24200,10,79,0.12658227848101267,24210,7
EE,24201,9,41,0.21951219512195122,24210,7
EE,24202,10,152,0.06578947368421052,24210,7
EE,24203,15,182,0.08241758241758242,24210,7
EE,24204,16,100,0.16,24210,7
EE,24205,32,50,0.64,24210,7
EE,24206,8,37,0.21621621621621623,24210,7
EE,24207,16,32,0.5,24210,7
EE,24209,12,83,0.14457831325301204,24210,7
EE,24210,19,60,0.31666666666666665,24210,7
EE,24212,28,69,0.4057971014492754,24210,7
EE,24213,65,120,0.5416666666666666,24210,7
EE,24214,66,107,0.616822429906542,24210,7
EE,24215,40,62,0.6451612903225806,24210,7
EE,24216,10,35,0.2857142857142857,24210,7
EE,24217,15,62,0.24193548387096775,24210,7
EE,24218,23,66,0.3484848484848485,24210,7
EE,24219,15,71,0.2112676056338028,24210,7
EE,24220,10,51,0.19607843137254902,24210,7
EE,24221,6,100,0.06,24210,7
EE,24222,87,165,0.5272727272727272,24210,7
EE,24223,35,160,0.21875,24210,7
EE,24224,12,43,0.27906976744186046,24210,7
EE,24225,49,136,0.3602941176470588,24210,7
EE,24226,12,89,0.1348314606741573,24210,7
EE,24227,21,51,0.4117647058823529,24210,7
EE,24228,39,127,0.30708661417322836,24210,7
EE,24229,18,183,0.09836065573770492,24210,7
EE,24230,17,64,0.265625,24210,7
EE,24231,18,46,0.391304347826087,24210,7
EE,24232,19,80,0.2375,24210,7
EE,24233,49,86,0.5697674418604651,24210,7
EE,24234,20,64,0.3125,24210,7
EE,24235,84,149,0.5637583892617449,24210,7
EE,24236,14,35,0.4,24210,7
EE,24237,24,25,0.96,24210,7
EE,24238,24,78,0.3076923076923077,24210,7
EE,24240,21,123,0.17073170731707318,24210,7
EE,24241,21,56,0.375,24210,7
EE,24242,30,103,0.2912621359223301,24210,7
EE,24243,21,128,0.1640625,24210,7
EE,24244,14,79,0.17721518987341772,24210,7
EE,24245,15,99,0.15151515151515152,24210,7
EE,24246,19,135,0.14074074074074075,24210,7
EE,24247,17,116,0.14655172413793102,24210,7
EE,24248,31,151,0.2052980132450331,24210,7
EE,24249,8,67,0.11940298507462686,24210,7
EE,24250,13,259,0.05019305019305019,24210,7
EE,24251,24,72,0.3333333333333333,24210,7
ES,24182,15,73,0.2054794520547945,24214,8
ES,24183,123,432,0.2847222222222222,24214,8
ES,24184,89,452,0.19690265486725664,24214,8
ES,24185,92,619,0.14862681744749595,24214,8
ES,24186,105,409,0.2567237163814181,24214,8
ES,24187,64,351,0.18233618233618235,24214,8
ES,24188,86,466,0.18454935622317598,24214,8
ES,24189,112,397,0.28211586901763225,24214,8
ES,24190,51,186,0.27419354838709675,24214,8
ES,24191,250,742,0.33692722371967654,24214,8
ES,24192,103,502,0.2051792828685259,24214,8
ES,24193,106,432,0.24537037037037038,24214,8
ES,24194,110,388,0.28350515463917525,24214,8
ES,24195,88,469,0.18763326226012794,24214,8
ES,24196,97,378,0.2566137566137566,24214,8
ES,24197,116,376,0.30851063829787234,24214,8
ES,24198,67,581,0.1153184165232358,24214,8
ES,24199,68,379,0.17941952506596306,24214,8
ES,24200,72,354,0.2033898305084746,24214,8
ES,24201,62,338,0.1834319526627219,24214,8
ES,24202,114,384,0.296875,24214,8
ES,24203,124,388,0.31958762886597936,24214,8
ES,24204,210,756,0.2777777777777778,24214,8
ES,24205,151,657,0.2298325722983257,24214,8
ES,24206,190,823,0.23086269744835966,24214,8
ES,24207,117,482,0.24273858921161826,24214,8
ES,24208,64,118,0.5423728813559322,24214,8
ES,24209,224,810,0.2765432098765432,24214,8
ES,24210,244,641,0.38065522620904835,24214,8
ES,24211,32,94,0.3404255319148936,24214,8
ES,24212,113,892,0.1266816143497758,24214,8
ES,24213,148,683,0.21669106881405564,24214,8
ES,24214,246,869,0.28308400460299193,24214,8
ES,24215,146,728,0.20054945054945056,24214,8
ES,24216,266,839,0.3170441001191895,24214,8
ES,24217,168,654,0.25688073394495414,24214,8
ES,24218,191,777,0.24581724581724582,24214,8
ES,24219,126,652,0.19325153374233128,24214,8
ES,24220,149,617,0.24149108589951376,24214,8
ES,24221,261,924,0.2824675324675325,24214,8
ES,24222,247,901,0.2741398446170921,24214,8
ES,24223,110,697,0.15781922525107603,24214,8
ES,24224,180,644,0.2795031055900621,24214,8
ES,24225,236,904,0.2610619469026549,24214,8
ES,24226,247,816,0.30269607843137253,24214,8
ES,24227,475,1203,0.3948462177888612,24214,8
ES,24228,311,1061,0.293119698397738,24214,8
ES,24229,223,830,0.26867469879518074,24214,8
ES,24230,337,914,0.3687089715536105,24214,8
ES,24231,218,1210,0.18016528925619835,24214,8
ES,24232,315,943,0.3340402969247084,24214,8
ES,24233,272,858,0.317016317016317,24214,8
ES,24234,345,1325,0.26037735849056604,24214,8
ES,24235,189,754,0.2506631299734748,24214,8
ES,24236,230,912,0.25219298245614036,24214,8
ES,24237,27,89,0.30337078651685395,24214,8
ES,24238,249,831,0.2996389891696751,24214,8
ES,24239,5,27,0.18518518518518517,24214,8
ES,24240,378,1354,0.2791728212703102,24214,8
ES,24241,294,1154,0.25476603119584057,24214,8
ES,24242,309,837,0.36917562724014336,24214,8
ES,24243,150,507,0.2958579881656805,24214,8
ES,24244,162,582,0.27835051546391754,24214,8
ES,24245,202,1016,0.19881889763779528,24214,8
ES,24246,239,965,0.24766839378238342,24214,8
ES,24247,228,849,0.26855123674911663,24214,8
ES,24248,242,876,0.2762557077625571,24214,8
ES,24249,281,1196,0.23494983277591974,24214,8
ES,24250,354,1128,0.31382978723404253,24214,8
ES,24251,360,1639,0.21964612568639413,24214,8
FI,24182,0,26,0.0,24195,9
FI,24183,6,123,0.04878048780487805,24195,9
FI,24184,5,75,0.06666666666666667,24195,9
FI,24185,7,119,0.058823529411764705,24195,9
FI,24186,37,89,0.4157303370786517,24195,9
FI,24187,7,51,0.13725490196078433,24195,9
FI,24188,4,119,0.03361344537815126,24195,9
FI,24189,4,65,0.06153846153846154,24195,9
FI,24191,29,91,0.31868131868131866,24195,9
FI,24192,32,173,0.18497109826589594,24195,9
FI,24193,10,387,0.025839793281653745,24195,9
FI,24194,4,69,0.057971014492753624,24195,9
FI,24195,2,33,0.06060606060606061,24195,9
FI,24204,17,184,0.09239130434782608,24195,9
FI,24205,34,144,0.2361111111111111,24195,9
FI,24206,38,211,0.18009478672985782,24195,9
FI,24207,18,262,0.06870229007633588,24195,9
FI,24209,13,174,0.07471264367816093,24195,9
FI,24210,7,73,0.0958904109589041,24195,9
FI,24212,20,139,0.14388489208633093,24195,9
FI,24213,16,131,0.12213740458015267,24195,9
FI,24214,20,211,0.0947867298578199,24195,9
FI,24215,7,204,0.03431372549019608,24195,9
FI,24216,22,136,0.16176470588235295,24195,9
FI,24217,22,212,0.10377358490566038,24195,9
FI,24218,12,124,0.0967741935483871,24195,9
FI,24219,40,183,0.2185792349726776,24195,9
FI,24220,16,120,0.13333333333333333,24195,9
FI,24221,15,187,0.08021390374331551,24195,9
FI,24222,20,122,0.16393442622950818,24195,9
FI,24223,11,104,0.10576923076923077,24195,9
FI,24224,13,122,0.10655737704918032,24195,9
FI,24225,19,197,0.09644670050761421,24195,9
FI,24226,35,134,0.26119402985074625,24195,9
FI,24227,31,148,0.20945945945945946,24195,9
FI,24228,120,356,0.33707865168539325,24195,9
FI,24229,35,194,0.18041237113402062,24195,9
FI,24230,21,121,0.17355371900826447,24195,9
FI,24231,14,215,0.06511627906976744,24195,9
FI,24232,18,199,0.09045226130653267,24195,9
FI,24233,21,162,0.12962962962962962,24195,9
FI,24234,13,219,0.0593607305936073,24195,9
FI,24235,12,229,0.05240174672489083,24195,9
FI,24236,19,138,0.13768115942028986,24195,9
FI,24237,1,26,0.038461538461538464,24195,9
FI,24238,32,292,0.1095890410958904,24195,9
FI,24240,26,179,0.1452513966480447,24195,9
FI,24241,24,208,0.11538461538461539,24195,9
FI,24242,11,241,0.04564315352697095,24195,9
FI,24243,70,217,0.3225806451612903,24195,9
FI,24244,32,154,0.2077922077922078,24195,9
FI,24245,28,186,0.15053763440860216,24195,9
FI,24246,26,207,0.12560386473429952,24195,9
FI,24247,12,148,0.08108108108108109,24195,9
FI,24248,9,157,0.05732484076433121,24195,9
FI,24249,13,256,0.05078125,24195,9
FI,24250,64,260,0.24615384615384617,24195,9
FI,24251,23,186,0.12365591397849462,24195,9
FR,24182,26,379,0.06860158311345646,24194,10
FR,24183,297,1656,0.1793478260869565,24194,10
FR,24184,179,1228,0.1457654723127036,24194,10
FR,24185,381,1763,0.21610890527509927,24194,10
FR,24186,249,1882,0.13230605738575982,24194,10
FR,24187,310,1648,0.18810679611650485,24194,10
FR,24188,450,1877,0.23974427277570592,24194,10
FR,24189,282,1593,0.17702448210922786,24194,10
FR,24190,63,237,0.26582278481012656,24194,10
FR,24191,475,2851,0.16660820764643985,24194,10
FR,24192,463,2927,0.15818243935770412,24194,10
FR,24193,336,1957,0.171691364333163,24194,10
FR,24194,260,1651,0.15748031496062992,24194,10
FR,24195,129,593,0.2175379426644182,24194,10
FR,24196,56,415,0.13493975903614458,24194,10
FR,24197,56,297,0.18855218855218855,24194,10
FR,24198,48,416,0.11538461538461539,24194,10
FR,24199,51,348,0.14655172413793102,24194,10
FR,24200,63,633,0.0995260663507109,24194,10
FR,24201,84,322,0.2608695652173913,24194,10
FR,24202,52,280,0.18571428571428572,24194,10
FR,24203,70,537,0.1303538175046555,24194,10
FR,24204,814,4918,0.16551443676291175,24194,10
FR,24205,364,1972,0.1845841784989858,24194,10
FR,24206,363,2253,0.1611185086551265,24194,10
FR,24207,244,1680,0.14523809523809525,24194,10
FR,24208,37,237,0.15611814345991562,24194,10
FR,24209,298,1797,0.16583194212576516,24194,10
FR,24210,262,2257,0.11608329641116526,24194,10
FR,24211,30,159,0.18867924528301888,24194,10
FR,24212,316,1686,0.1874258600237248,24194,10
FR,24213,350,1835,0.1907356948228883,24194,10
FR,24214,634,2829,0.224107458465889,24194,10
FR,24215,449,3186,0.14092906465787822,24194,10
FR,24216,753,4556,0.16527655838454786,24194,10
FR,24217,377,2477,0.15220024222850223,24194,10
FR,24218,316,2237,0.14126061689763075,24194,10
FR,24219,340,2003,0.16974538192710933,24194,10
FR,24220,289,1959,0.147524247064829,24194,10
FR,24221,564,2426,0.23248145094806266,24194,10
FR,24222,409,2578,0.1586501163692785,24194,10
FR,24223,403,2480,0.1625,24194,10
FR,24224,485,1881,0.2578415736310473,24194,10
FR,24225,464,2514,0.18456642800318218,24194,10
FR,24226,400,2549,0.1569242840329541,24194,10
FR,24227,615,3268,0.18818849449204406,24194,10
FR,24228,772,4762,0.1621167576648467,24194,10
FR,24229,442,2704,0.16346153846153846,24194,10
FR,24230,755,2831,0.2666902154715648,24194,10
FR,24231,353,2473,0.14274160938131825,24194,10
FR,24232,497,2398,0.20725604670558798,24194,10
FR,24233,384,2054,0.186952288218111,24194,10
FR,24234,440,2800,0.15714285714285714,24194,10
FR,24235,445,2740,0.1624087591240876,24194,10
FR,24236,437,1930,0.22642487046632123,24194,10
FR,24237,13,197,0.06598984771573604,24194,10
FR,24238,396,1923,0.2059282371294852,24194,10
FR,24239,47,390,0.12051282051282051,24194,10
FR,24240,807,4486,0.17989300044583148,24194,10
FR,24241,544,2935,0.18534923339011924,24194,10
FR,24242,657,2920,0.225,24194,10
FR,24243,291,1754,0.16590649942987457,24194,10
FR,24244,228,1331,0.17129977460555973,24194,10
FR,24245,293,1758,0.16666666666666666,24194,10
FR,24246,448,2521,0.17770725902419673,24194,10
FR,24247,345,1956,0.17638036809815952,24194,10
FR,24248,350,1929,0.18144116122343182,24194,10
FR,24249,353,2404,0.14683860232945092,24194,10
FR,24250,455,2840,0.1602112676056338,24194,10
FR,24251,647,3790,0.17071240105540897,24194,10
GR,24183,12,253,0.04743083003952569,24199,11
GR,24184,5,61,0.08196721311475409,24199,11
GR,24185,14,91,0.15384615384615385,24199,11
GR,24186,9,35,0.2571428571428571,24199,11
GR,24187,9,77,0.11688311688311688,24199,11
GR,24188,10,94,0.10638297872340426,24199,11
GR,24189,6,57,0.10526315789473684,24199,11
GR,24190,6,54,0.1111111111111111,24199,11
GR,24191,2,36,0.05555555555555555,24199,11
GR,24192,6,39,0.15384615384615385,24199,11
GR,24194,2,131,0.015267175572519083,24199,11
GR,24196,11,32,0.34375,24199,11
GR,24197,8,32,0.25,24199,11
GR,24198,6,37,0.16216216216216217,24199,11
GR,24199,7,30,0.23333333333333334,24199,11
GR,24200,6,29,0.20689655172413793,24199,11
GR,24201,19,49,0.3877551020408163,24199,11
GR,24202,20,39,0.5128205128205128,24199,11
GR,24203,0,26,0.0,24199,11
GR,24204,24,361,0.0664819944598338,24199,11
GR,24205,4,110,0.03636363636363636,24199,11
GR,24206,34,162,0.20987654320987653,24199,11
GR,24207,4,25,0.16,24199,11
GR,24209,10,24,0.4166666666666667,24199,11
GR,24210,12,78,0.15384615384615385,24199,11
GR,24211,24,24,1.0,24199,11
GR,24212,21,95,0.22105263157894736,24199,11
GR,24213,28,63,0.4444444444444444,24199,11
GR,24214,40,93,0.43010752688172044,24199,11
GR,24215,16,137,0.11678832116788321,24199,11
GR,24216,83,221,0.3755656108597285,24199,11
GR,24217,12,35,0.34285714285714286,24199,11
GR,24218,8,21,0.38095238095238093,24199,11
GR,24219,16,25,0.64,24199,11
GR,24220,32,69,0.463768115942029,24199,11
GR,24221,17,68,0.25,24199,11
GR,24222,13,32,0.40625,24199,11
GR,24223,16,84,0.19047619047619047,24199,11
GR,24224,8,27,0.2962962962962963,24199,11
GR,24225,4,28,0.14285714285714285,24199,11
GR,24226,55,136,0.40441176470588236,24199,11
GR,24227,63,143,0.4405594405594406,24199,11
GR,24228,95,277,0.34296028880866425,24199,11
GR,24229,34,60,0.5666666666666667,24199,11
GR,24230,21,38,0.5526315789473685,24199,11
GR,24231,24,57,0.42105263157894735,24199,11
GR,24232,80,280,0.2857142857142857,24199,11
GR,24233,20,64,0.3125,24199,11
GR,24234,26,171,0.15204678362573099,24199,11
GR,24235,22,72,0.3055555555555556,24199,11
GR,24236,24,129,0.18604651162790697,24199,11
GR,24238,66,105,0.6285714285714286,24199,11
GR,24240,29,110,0.2636363636363636,24199,11
GR,24241,23,226,0.10176991150442478,24199,11
GR,24242,18,73,0.2465753424657534,24199,11
GR,24243,34,208,0.16346153846153846,24199,11
GR,24244,31,176,0.17613636363636365,24199,11
GR,24245,28,347,0.08069164265129683,24199,11
GR,24246,88,344,0.2558139534883721,24199,11
GR,24247,40,147,0.272108843537415,24199,11
GR,24248,74,167,0.4431137724550898,24199,11
GR,24249,20,54,0.37037037037037035,24199,11
GR,24250,21,44,0.4772727272727273,24199,11
GR,24251,57,183,0.3114754098360656,24199,11
HR,24183,16,40,0.4,24197,12
HR,24184,31,52,0.5961538461538461,24197,12
HR,24185,28,90,0.3111111111111111,24197,12
HR,24186,39,98,0.3979591836734694,24197,12
HR,24187,17,33,0.5151515151515151,24197,12
HR,24188,28,93,0.3010752688172043,24197,12
HR,24189,35,114,0.30701754385964913,24197,12
HR,24191,42,79,0.5316455696202531,24197,12
HR,24192,89,106,0.839622641509434,24197,12
HR,24193,26,56,0.4642857142857143,24197,12
HR,24194,27,64,0.421875,24197,12
HR,24195,26,48,0.5416666666666666,24197,12
HR,24196,25,47,0.5319148936170213,24197,12
HR,24197,20,49,0.40816326530612246,24197,12
HR,24198,29,70,0.4142857142857143,24197,12
HR,24199,34,68,0.5,24197,12
HR,24200,51,100,0.51,24197,12
HR,24201,55,82,0.6707317073170732,24197,12
HR,24202,62,157,0.39490445859872614,24197,12
HR,24203,92,148,0.6216216216216216,24197,12
HR,24204,57,106,0.5377358490566038,24197,12
HR,24205,36,92,0.391304347826087,24197,12
HR,24206,49,109,0.44954128440366975,24197,12
HR,24207,32,107,0.29906542056074764,24197,12
HR,24209,27,90,0.3,24197,12
HR,24210,29,71,0.4084507042253521,24197,12
HR,24212,27,55,0.4909090909090909,24197,12
HR,24213,47,89,0.5280898876404494,24197,12
HR,24214,34,65,0.5230769230769231,24197,12
HR,24215,58,92,0.6304347826086957,24197,12
HR,24216,55,104,0.5288461538461539,24197,12
HR,24217,33,55,0.6,24197,12
HR,24218,23,42,0.5476190476190477,24197,12
HR,24219,40,96,0.4166666666666667,24197,12
HR,24220,33,67,0.4925373134328358,24197,12
HR,24221,61,85,0.7176470588235294,24197,12
HR,24222,44,89,0.4943820224719101,24197,12
HR,24223,68,99,0.6868686868686869,24197,12
HR,24224,67,128,0.5234375,24197,12
HR,24225,65,101,0.6435643564356436,24197,12
HR,24226,49,81,0.6049382716049383,24197,12
HR,24227,41,88,0.4659090909090909,24197,12
HR,24228,73,159,0.4591194968553459,24197,12
HR,24229,36,89,0.4044943820224719,24197,12
HR,24230,35,65,0.5384615384615384,24197,12
HR,24231,50,103,0.4854368932038835,24197,12
HR,24232,61,131,0.46564885496183206,24197,12
HR,24233,37,62,0.5967741935483871,24197,12
HR,24234,62,123,0.5040650406504065,24197,12
HR,24235,52,86,0.6046511627906976,24197,12
HR,24236,55,128,0.4296875,24197,12
HR,24238,48,91,0.5274725274725275,24197,12
HR,24240,56,98,0.5714285714285714,24197,12
HR,24241,46,86,0.5348837209302325,24197,12
HR,24242,29,55,0.5272727272727272,24197,12
HR,24243,38,76,0.5,24197,12
HR,24244,40,73,0.547945205479452,24197,12
HR,24245,45,93,0.4838709677419355,24197,12
HR,24246,52,75,0.6933333333333334,24197,12
HR,24247,21,41,0.5121951219512195,24197,12
HR,24248,54,94,0.574468085106383,24197,12
HR,24249,64,110,0.5818181818181818,24197,12
HR,24250,49,90,0.5444444444444444,24197,12
HR,24251,30,78,0.38461538461538464,24197,12
HU,24182,14,25,0.56,24189,13
HU,24183,22,82,0.2682926829268293,24189,13
HU,24184,48,211,0.22748815165876776,24189,13
HU,24185,65,118,0.5508474576271186,24189,13
HU,24186,37,90,0.4111111111111111,24189,13
HU,24187,29,53,0.5471698113207547,24189,13
HU,24188,34,77,0.44155844155844154,24189,13
HU,24189,19,104,0.18269230769230768,24189,13
HU,24190,27,119,0.226890756302521,24189,13
HU,24191,66,130,0.5076923076923077,24189,13
HU,24192,42,148,0.28378378378378377,24189,13
HU,24193,89,140,0.6357142857142857,24189,13
HU,24194,32,69,0.463768115942029,24189,13
HU,24195,18,42,0.42857142857142855,24189,13
HU,24198,26,26,1.0,24189,13
HU,24204,36,134,0.26865671641791045,24189,13
HU,24205,24,73,0.3287671232876712,24189,13
HU,24206,56,146,0.3835616438356164,24189,13
HU,24207,38,103,0.36893203883495146,24189,13
HU,24208,4,70,0.05714285714285714,24189,13
HU,24209,70,132,0.5303030303030303,24189,13
HU,24210,85,150,0.5666666666666667,24189,13
HU,24212,43,120,0.35833333333333334,24189,13
HU,24213,46,229,0.20087336244541484,24189,13
HU,24214,20,103,0.1941747572815534,24189,13
HU,24215,20,72,0.2777777777777778,24189,13
HU,24216,93,203,0.458128078817734,24189,13
HU,24217,43,121,0.35537190082644626,24189,13
HU,24218,64,146,0.4383561643835616,24189,13
HU,24219,75,141,0.5319148936170213,24189,13
HU,24220,48,151,0.31788079470198677,24189,13
HU,24221,26,109,0.23853211009174313,24189,13
HU,24222,74,141,0.524822695035461,24189,13
HU,24223,71,167,0.4251497005988024,24189,13
HU,24224,30,97,0.30927835051546393,24189,13
HU,24225,70,134,0.5223880597014925,24189,13
HU,24226,63,194,0.3247422680412371,24189,13
HU,24227,59,250,0.236,24189,13
HU,24228,106,188,0.5638297872340425,24189,13
HU,24229,36,61,0.5901639344262295,24189,13
HU,24230,40,111,0.36036036036036034,24189,13
HU,24231,82,141,0.5815602836879432,24189,13
HU,24232,61,241,0.25311203319502074,24189,13
HU,24233,42,95,0.4421052631578947,24189,13
HU,24234,103,188,0.5478723404255319,24189,13
HU,24235,55,96,0.5729166666666666,24189,13
HU,24236,35,127,0.2755905511811024,24189,13
HU,24238,67,113,0.5929203539823009,24189,13
HU,24240,111,209,0.5311004784688995,24189,13
HU,24241,46,87,0.5287356321839081,24189,13
HU,24242,56,155,0.36129032258064514,24189,13
HU,24243,111,196,0.5663265306122449,24189,13
HU,24244,59,103,0.5728155339805825,24189,13
HU,24245,100,220,0.45454545454545453,24189,13
HU,24246,160,374,0.42780748663101603,24189,13
HU,24247,73,140,0.5214285714285715,24189,13
HU,24248,27,68,0.39705882352941174,24189,13
HU,24249,114,326,0.3496932515337423,24189,13
HU,24250,51,190,0.26842105263157895,24189,13
HU,24251,50,253,0.1976284584980237,24189,13
IE,24183,47,120,0.39166666666666666,24195,14
IE,24184,1,112,0.008928571428571428,24195,14
IE,24185,2,89,0.02247191011235955,24195,14
IE,24186,3,71,0.04225352112676056,24195,14
IE,24187,2,72,0.027777777777777776,24195,14
IE,24188,5,102,0.049019607843137254,24195,14
IE,24189,22,329,0.0668693009118541,24195,14
IE,24190,0,30,0.0,24195,14
IE,24191,8,110,0.07272727272727272,24195,14
IE,24192,54,280,0.19285714285714287,24195,14
IE,24193,50,175,0.2857142857142857,24195,14
IE,24194,6,159,0.03773584905660377,24195,14
IE,24195,6,123,0.04878048780487805,24195,14
IE,24197,0,32,0.0,24195,14
IE,24204,7,152,0.046052631578947366,24195,14
IE,24205,4,263,0.015209125475285171,24195,14
IE,24206,5,141,0.03546099290780142,24195,14
IE,24207,4,63,0.06349206349206349,24195,14
IE,24209,6,137,0.043795620437956206,24195,14
IE,24210,5,208,0.02403846153846154,24195,14
IE,24212,12,156,0.07692307692307693,24195,14
IE,24213,1,108,0.009259259259259259,24195,14
IE,24214,6,227,0.02643171806167401,24195,14
IE,24215,9,220,0.04090909090909091,24195,14
IE,24216,63,392,0.16071428571428573,24195,14
IE,24217,34,138,0.2463768115942029,24195,14
IE,24218,195,469,0.4157782515991471,24195,14
IE,24219,231,419,0.5513126491646778,24195,14
IE,24220,27,113,0.23893805309734514,24195,14
IE,24221,5,52,0.09615384615384616,24195,14
IE,24222,3,141,0.02127659574468085,24195,14
IE,24223,7,126,0.05555555555555555,24195,14
IE,24224,7,302,0.023178807947019868,24195,14
IE,24225,8,102,0.0784313725490196,24195,14
IE,24226,14,504,0.027777777777777776,24195,14
IE,24227,2,116,0.017241379310344827,24195,14
IE,24228,16,119,0.13445378151260504,24195,14
IE,24229,12,113,0.10619469026548672,24195,14
IE,24230,9,99,0.09090909090909091,24195,14
IE,24231,8,94,0.0851063829787234,24195,14
IE,24232,35,113,0.30973451327433627,24195,14
IE,24233,11,143,0.07692307692307693,24195,14
IE,24234,10,211,0.04739336492890995,24195,14
IE,24235,11,65,0.16923076923076924,24195,14
IE,24236,5,193,0.025906735751295335,24195,14
IE,24238,4,220,0.01818181818181818,24195,14
IE,24240,35,821,0.04263093788063337,24195,14
IE,24241,15,192,0.078125,24195,14
IE,24242,9,216,0.041666666666666664,24195,14
IE,24243,9,156,0.057692307692307696,24195,14
IE,24244,11,145,0.07586206896551724,24195,14
IE,24245,6,164,0.036585365853658534,24195,14
IE,24246,3,82,0.036585365853658534,24195,14
IE,24247,9,156,0.057692307692307696,24195,14
IE,24248,13,188,0.06914893617021277,24195,14
IE,24249,3,396,0.007575757575757576,24195,14
IE,24250,11,173,0.06358381502890173,24195,14
IE,24251,15,119,0.12605042016806722,24195,14
IT,24182,9,34,0.2647058823529412,24195,15
IT,24183,88,288,0.3055555555555556,24195,15
IT,24184,79,395,0.2,24195,15
IT,24185,119,760,0.15657894736842104,24195,15
IT,24186,190,680,0.27941176470588236,24195,15
IT,24187,88,374,0.23529411764705882,24195,15
IT,24188,159,593,0.26812816188870153,24195,15
IT,24189,110,705,0.15602836879432624,24195,15
IT,24190,30,158,0.189873417721519,24195,15
IT,24191,288,830,0.3469879518072289,24195,15
IT,24192,168,482,0.34854771784232363,24195,15
IT,24193,131,401,0.3266832917705736,24195,15
IT,24194,112,354,0.3163841807909605,24195,15
IT,24195,114,299,0.38127090301003347,24195,15
IT,24196,93,314,0.2961783439490446,24195,15
IT,24197,111,320,0.346875,24195,15
IT,24198,57,267,0.21348314606741572,24195,15
IT,24199,75,189,0.3968253968253968,24195,15
IT,24200,77,230,0.3347826086956522,24195,15
IT,24201,52,232,0.22413793103448276,24195,15
IT,24202,70,224,0.3125,24195,15
IT,24203,197,333,0.5915915915915916,24195,15
IT,24204,264,811,0.32552404438964244,24195,15
IT,24205,136,373,0.3646112600536193,24195,15
IT,24206,226,577,0.39168110918544197,24195,15
IT,24207,123,289,0.42560553633217996,24195,15
IT,24208,7,54,0.12962962962962962,24195,15
IT,24209,150,506,0.2964426877470356,24195,15
IT,24210,135,476,0.28361344537815125,24195,15
IT,24211,8,28,0.2857142857142857,24195,15
IT,24212,148,451,0.328159645232816,24195,15
IT,24213,96,400,0.24,24195,15
IT,24214,189,550,0.34363636363636363,24195,15
IT,24215,154,596,0.25838926174496646,24195,15
IT,24216,330,907,0.3638368246968026,24195,15
IT,24217,155,534,0.2902621722846442,24195,15
IT,24218,163,447,0.36465324384787473,24195,15
IT,24219,109,372,0.29301075268817206,24195,15
IT,24220,142,512,0.27734375,24195,15
IT,24221,134,480,0.2791666666666667,24195,15
IT,24222,229,583,0.3927958833619211,24195,15
IT,24223,103,551,0.1869328493647913,24195,15
IT,24224,88,327,0.2691131498470948,24195,15
IT,24225,185,465,0.3978494623655914,24195,15
IT,24226,194,491,0.395112016293279,24195,15
IT,24227,318,770,0.412987012987013,24195,15
IT,24228,313,740,0.422972972972973,24195,15
IT,24229,318,700,0.4542857142857143,24195,15
IT,24230,133,499,0.2665330661322645,24195,15
IT,24231,116,464,0.25,24195,15
IT,24232,154,533,0.28893058161350843,24195,15
IT,24233,113,536,0.21082089552238806,24195,15
IT,24234,132,600,0.22,24195,15
IT,24235,192,520,0.36923076923076925,24195,15
IT,24236,137,688,0.19912790697674418,24195,15
IT,24237,83,109,0.7614678899082569,24195,15
IT,24238,155,487,0.3182751540041068,24195,15
IT,24240,332,935,0.35508021390374334,24195,15
IT,24241,231,680,0.3397058823529412,24195,15
IT,24242,74,344,0.21511627906976744,24195,15
IT,24243,139,405,0.3432098765432099,24195,15
IT,24244,88,356,0.24719101123595505,24195,15
IT,24245,144,419,0.3436754176610978,24195,15
IT,24246,181,594,0.3047138047138047,24195,15
IT,24247,95,583,0.16295025728987994,24195,15
IT,24248,120,610,0.19672131147540983,24195,15
IT,24249,131,751,0.1744340878828229,24195,15
IT,24250,187,731,0.2558139534883721,24195,15
IT,24251,167,629,0.2655007949125596,24195,15
LT,24183,69,149,0.46308724832214765,24195,16
LT,24184,76,174,0.4367816091954023,24195,16
LT,24185,24,124,0.1935483870967742,24195,16
LT,24186,69,197,0.350253807106599,24195,16
LT,24187,33,74,0.44594594594594594,24195,16
LT,24188,32,123,0.2601626016260163,24195,16
LT,24189,38,236,0.16101694915254236,24195,16
LT,24190,10,52,0.19230769230769232,24195,16
LT,24191,32,165,0.19393939393939394,24195,16
LT,24192,23,152,0.1513157894736842,24195,16
LT,24193,48,161,0.2981366459627329,24195,16
LT,24194,37,110,0.33636363636363636,24195,16
LT,24195,39,174,0.22413793103448276,24195,16
LT,24196,22,65,0.3384615384615385,24195,16
LT,24197,42,154,0.2727272727272727,24195,16
LT,24198,28,73,0.3835616438356164,24195,16
LT,24199,50,152,0.32894736842105265,24195,16
LT,24200,42,153,0.27450980392156865,24195,16
LT,24201,37,131,0.2824427480916031,24195,16
LT,24202,57,175,0.32571428571428573,24195,16
LT,24203,54,143,0.3776223776223776,24195,16
LT,24204,45,1256,0.035828025477707005,24195,16
LT,24205,56,122,0.45901639344262296,24195,16
LT,24206,63,151,0.41721854304635764,24195,16
LT,24207,32,93,0.34408602150537637,24195,16
LT,24208,41,79,0.5189873417721519,24195,16
LT,24209,53,206,0.25728155339805825,24195,16
LT,24210,19,82,0.23170731707317074,24195,16
LT,24212,54,247,0.21862348178137653,24195,16
LT,24213,37,112,0.33035714285714285,24195,16
LT,24214,325,631,0.5150554675118859,24195,16
LT,24215,73,208,0.35096153846153844,24195,16
LT,24216,35,217,0.16129032258064516,24195,16
LT,24217,23,60,0.38333333333333336,24195,16
LT,24218,24,112,0.21428571428571427,24195,16
LT,24219,50,189,0.26455026455026454,24195,16
LT,24220,47,122,0.38524590163934425,24195,16
LT,24221,51,165,0.3090909090909091,24195,16
LT,24222,126,274,0.45985401459854014,24195,16
LT,24223,161,475,0.3389473684210526,24195,16
LT,24224,95,176,0.5397727272727273,24195,16
LT,24225,55,135,0.4074074074074074,24195,16
LT,24226,63,210,0.3,24195,16
LT,24227,57,204,0.27941176470588236,24195,16
LT,24228,55,329,0.16717325227963525,24195,16
LT,24229,52,153,0.33986928104575165,24195,16
LT,24230,54,186,0.2903225806451613,24195,16
LT,24231,58,159,0.36477987421383645,24195,16
LT,24232,49,123,0.3983739837398374,24195,16
LT,24233,139,256,0.54296875,24195,16
LT,24234,73,174,0.41954022988505746,24195,16
LT,24235,167,284,0.5880281690140845,24195,16
LT,24236,90,206,0.4368932038834951,24195,16
LT,24238,103,257,0.40077821011673154,24195,16
LT,24239,1,24,0.041666666666666664,24195,16
LT,24240,73,237,0.3080168776371308,24195,16
LT,24241,56,138,0.4057971014492754,24195,16
LT,24242,35,129,0.2713178294573643,24195,16
LT,24243,85,229,0.37117903930131,24195,16
LT,24244,154,791,0.19469026548672566,24195,16
LT,24245,92,206,0.44660194174757284,24195,16
LT,24246,217,497,0.43661971830985913,24195,16
LT,24247,42,160,0.2625,24195,16
LT,24248,87,246,0.35365853658536583,24195,16
LT,24249,150,405,0.37037037037037035,24195,16
LT,24250,131,872,0.15022935779816513,24195,16
LT,24251,101,201,0.5024875621890548,24195,16
LU,24182,48,50,0.96,24219,17
LU,24183,72,768,0.09375,24219,17
LU,24184,1,463,0.0021598272138228943,24219,17
LU,24185,1,80,0.0125,24219,17
LU,24186,0,510,0.0,24219,17
LU,24187,72,410,0.17560975609756097,24219,17
LU,24188,2160,12796,0.16880275085964364,24219,17
LU,24189,49,221,0.22171945701357465,24219,17
LU,24190,48,168,0.2857142857142857,24219,17
LU,24191,289,2571,0.11240762349280435,24219,17
LU,24192,73,2242,0.03256021409455843,24219,17
LU,24193,24,505,0.047524752475247525,24219,17
LU,24194,3864,11713,0.32988986596089814,24219,17
LU,24195,27,30,0.9,24219,17
LU,24196,0,127,0.0,24219,17
LU,24197,0,101,0.0,24219,17
LU,24198,1,30,0.03333333333333333,24219,17
LU,24199,25,126,0.1984126984126984,24219,17
LU,24200,48,532,0.09022556390977443,24219,17
LU,24201,0,171,0.0,24219,17
LU,24202,1,26,0.038461538461538464,24219,17
LU,24203,74,633,0.11690363349131122,24219,17
LU,24204,98,487,0.20123203285420946,24219,17
LU,24205,1,366,0.00273224043715847,24219,17
LU,24206,144,1224,0.11764705882352941,24219,17
LU,24207,121,222,0.545045045045045,24219,17
LU,24208,0,144,0.0,24219,17
LU,24209,2,196,0.01020408163265306,24219,17
LU,24210,6,86,0.06976744186046512,24219,17
LU,24211,0,264,0.0,24219,17
LU,24212,27,397,0.06801007556675064,24219,17
LU,24213,48,1542,0.0311284046692607,24219,17
LU,24214,96,436,0.22018348623853212,24219,17
LU,24215,219,1239,0.17675544794188863,24219,17
LU,24216,98,873,0.11225658648339061,24219,17
LU,24217,75,126,0.5952380952380952,24219,17
LU,24218,28,609,0.04597701149425287,24219,17
LU,24219,6,347,0.01729106628242075,24219,17
LU,24220,24,369,0.06504065040650407,24219,17
LU,24221,49,218,0.22477064220183487,24219,17
LU,24222,75,1451,0.051688490696071676,24219,17
LU,24223,99,427,0.23185011709601874,24219,17
LU,24224,50,101,0.49504950495049505,24219,17
LU,24225,194,2112,0.09185606060606061,24219,17
LU,24226,48,278,0.17266187050359713,24219,17
LU,24227,125,609,0.20525451559934318,24219,17
LU,24228,148,614,0.24104234527687296,24219,17
LU,24229,52,107,0.48598130841121495,24219,17
LU,24230,34,366,0.09289617486338798,24219,17
LU,24231,50,846,0.0591016548463357,24219,17
LU,24232,48,406,0.11822660098522167,24219,17
LU,24233,48,354,0.13559322033898305,24219,17
LU,24234,49,471,0.1040339702760085,24219,17
LU,24235,51,322,0.15838509316770186,24219,17
LU,24236,0,98,0.0,24219,17
LU,24238,120,245,0.4897959183673469,24219,17
LU,24240,98,944,0.1038135593220339,24219,17
LU,24241,97,2055,0.04720194647201947,24219,17
LU,24242,49,3177,0.015423355366698142,24219,17
LU,24243,78,500,0.156,24219,17
LU,24244,75,224,0.33482142857142855,24219,17
LU,24245,217,604,0.35927152317880795,24219,17
LU,24246,31,996,0.03112449799196787,24219,17
LU,24247,50,619,0.08077544426494346,24219,17
LU,24248,26,671,0.038748137108792845,24219,17
LU,24249,52,502,0.10358565737051793,24219,17
LU,24250,74,538,0.137546468401487,24219,17
LU,24251,54,546,0.0989010989010989,24219,17
LV,24182,4,36,0.1111111111111111,24196,18
LV,24183,19,104,0.18269230769230768,24196,18
LV,24184,28,254,0.11023622047244094,24196,18
LV,24185,71,159,0.44654088050314467,24196,18
LV,24186,24,72,0.3333333333333333,24196,18
LV,24187,27,150,0.18,24196,18
LV,24188,33,115,0.28695652173913044,24196,18
LV,24189,17,78,0.21794871794871795,24196,18
LV,24191,9,110,0.08181818181818182,24196,18
LV,24192,130,318,0.4088050314465409,24196,18
LV,24193,13,125,0.104,24196,18
LV,24194,36,127,0.28346456692913385,24196,18
LV,24195,46,128,0.359375,24196,18
LV,24196,35,59,0.5932203389830508,24196,18
LV,24197,34,68,0.5,24196,18
LV,24198,47,152,0.3092105263157895,24196,18
LV,24199,14,144,0.09722222222222222,24196,18
LV,24200,44,118,0.3728813559322034,24196,18
LV,24201,16,36,0.4444444444444444,24196,18
LV,24202,19,82,0.23170731707317074,24196,18
LV,24203,81,213,0.38028169014084506,24196,18
LV,24204,105,309,0.33980582524271846,24196,18
LV,24205,25,114,0.21929824561403508,24196,18
LV,24207,7,62,0.11290322580645161,24196,18
LV,24209,29,61,0.47540983606557374,24196,18
LV,24210,24,77,0.3116883116883117,24196,18
LV,24212,16,29,0.5517241379310345,24196,18
LV,24213,16,58,0.27586206896551724,24196,18
LV,24214,21,207,0.10144927536231885,24196,18
LV,24215,32,123,0.2601626016260163,24196,18
LV,24216,23,122,0.1885245901639344,24196,18
LV,24217,38,60,0.6333333333333333,24196,18
LV,24218,98,215,0.4558139534883721,24196,18
LV,24219,46,128,0.359375,24196,18
LV,24220,19,90,0.2111111111111111,24196,18
LV,24221,13,80,0.1625,24196,18
LV,24222,89,167,0.5329341317365269,24196,18
LV,24223,66,127,0.5196850393700787,24196,18
LV,24224,79,279,0.2831541218637993,24196,18
LV,24225,156,232,0.6724137931034483,24196,18
LV,24226,21,51,0.4117647058823529,24196,18
LV,24227,36,69,0.5217391304347826,24196,18
LV,24228,112,256,0.4375,24196,18
LV,24229,14,150,0.09333333333333334,24196,18
LV,24230,103,244,0.42213114754098363,24196,18
LV,24231,71,160,0.44375,24196,18
LV,24232,58,112,0.5178571428571429,24196,18
LV,24233,43,129,0.3333333333333333,24196,18
LV,24234,114,171,0.6666666666666666,24196,18
LV,24235,30,91,0.32967032967032966,24196,18
LV,24236,12,46,0.2608695652173913,24196,18
LV,24238,49,116,0.4224137931034483,24196,18
LV,24240,30,172,0.1744186046511628,24196,18
LV,24241,90,290,0.3103448275862069,24196,18
LV,24242,40,100,0.4,24196,18
LV,24243,46,99,0.46464646464646464,24196,18
LV,24244,88,130,0.676923076923077,24196,18
LV,24245,38,116,0.3275862068965517,24196,18
LV,24246,96,261,0.367816091954023,24196,18
LV,24247,57,88,0.6477272727272727,24196,18
LV,24248,20,76,0.2631578947368421,24196,18
LV,24249,119,310,0.38387096774193546,24196,18
LV,24250,33,267,0.12359550561797752,24196,18
LV,24251,33,134,0.2462686567164179,24196,18
NL,24182,2,517,0.0038684719535783366,24195,19
NL,24183,29,477,0.06079664570230608,24195,19
NL,24184,12,360,0.03333333333333333,24195,19
NL,24185,55,373,0.14745308310991956,24195,19
NL,24186,82,637,0.12872841444270017,24195,19
NL,24187,16,297,0.05387205387205387,24195,19
NL,24188,62,482,0.12863070539419086,24195,19
NL,24189,46,272,0.16911764705882354,24195,19
NL,24190,28,98,0.2857142857142857,24195,19
NL,24191,35,806,0.043424317617866005,24195,19
NL,24192,98,902,0.10864745011086474,24195,19
NL,24193,58,677,0.08567208271787297,24195,19
NL,24194,79,1099,0.0718835304822566,24195,19
NL,24195,98,542,0.18081180811808117,24195,19
NL,24196,33,340,0.09705882352941177,24195,19
NL,24197,124,485,0.2556701030927835,24195,19
NL,24198,86,472,0.18220338983050846,24195,19
NL,24199,29,337,0.08605341246290801,24195,19
NL,24200,29,499,0.05811623246492986,24195,19
NL,24201,20,298,0.06711409395973154,24195,19
NL,24202,4,130,0.03076923076923077,24195,19
NL,24203,8,92,0.08695652173913043,24195,19
NL,24204,55,435,0.12643678160919541,24195,19
NL,24205,41,263,0.155893536121673,24195,19
NL,24206,45,516,0.0872093023255814,24195,19
NL,24207,32,243,0.13168724279835392,24195,19
NL,24208,12,242,0.049586776859504134,24195,19
NL,24209,38,427,0.08899297423887588,24195,19
NL,24210,41,255,0.1607843137254902,24195,19
NL,24211,6,64,0.09375,24195,19
NL,24212,83,207,0.40096618357487923,24195,19
NL,24213,57,256,0.22265625,24195,19
NL,24214,107,547,0.1956124314442413,24195,19
NL,24215,38,315,0.12063492063492064,24195,19
NL,24216,82,611,0.1342062193126023,24195,19
NL,24217,41,313,0.13099041533546327,24195,19
NL,24218,44,345,0.12753623188405797,24195,19
NL,24219,61,342,0.1783625730994152,24195,19
NL,24220,40,261,0.1532567049808429,24195,19
NL,24221,34,282,0.12056737588652482,24195,19
NL,24222,77,547,0.14076782449725778,24195,19
NL,24223,27,309,0.08737864077669903,24195,19
NL,24224,48,346,0.13872832369942195,24195,19
NL,24225,104,321,0.32398753894080995,24195,19
NL,24226,49,283,0.17314487632508835,24195,19
NL,24227,117,447,0.26174496644295303,24195,19
NL,24228,100,532,0.18796992481203006,24195,19
NL,24229,80,328,0.24390243902439024,24195,19
NL,24230,51,366,0.13934426229508196,24195,19
NL,24231,109,410,0.2658536585365854,24195,19
NL,24232,33,385,0.08571428571428572,24195,19
NL,24233,53,259,0.20463320463320464,24195,19
NL,24234,80,428,0.18691588785046728,24195,19
NL,24235,45,365,0.1232876712328767,24195,19
NL,24236,34,252,0.1349206349206349,24195,19
NL,24237,28,89,0.3146067415730337,24195,19
NL,24238,33,303,0.10891089108910891,24195,19
NL,24239,3,36,0.08333333333333333,24195,19
NL,24240,75,509,0.14734774066797643,24195,19
NL,24241,68,329,0.2066869300911854,24195,19
NL,24242,91,420,0.21666666666666667,24195,19
NL,24243,53,310,0.17096774193548386,24195,19
NL,24244,62,269,0.23048327137546468,24195,19
NL,24245,54,293,0.18430034129692832,24195,19
NL,24246,74,466,0.15879828326180256,24195,19
NL,24247,34,321,0.1059190031152648,24195,19
NL,24248,84,375,0.224,24195,19
NL,24249,71,411,0.17274939172749393,24195,19
NL,24250,58,668,0.08682634730538923,24195,19
NL,24251,87,1376,0.06322674418604651,24195,19
NO,24183,1,74,0.013513513513513514,24204,20
NO,24184,2,93,0.021505376344086023,24204,20
NO,24185,12,114,0.10526315789473684,24204,20
NO,24186,14,130,0.1076923076923077,24204,20
NO,24187,6,137,0.043795620437956206,24204,20
NO,24188,8,92,0.08695652173913043,24204,20
NO,24189,5,166,0.030120481927710843,24204,20
NO,24191,5,168,0.02976190476190476,24204,20
NO,24192,15,137,0.10948905109489052,24204,20
NO,24193,7,122,0.05737704918032787,24204,20
NO,24194,5,146,0.03424657534246575,24204,20
NO,24195,22,186,0.11827956989247312,24204,20
NO,24196,15,117,0.1282051282051282,24204,20
NO,24197,16,185,0.08648648648648649,24204,20
NO,24198,10,134,0.07462686567164178,24204,20
NO,24199,12,249,0.04819277108433735,24204,20
NO,24200,6,163,0.03680981595092025,24204,20
NO,24201,10,227,0.04405286343612335,24204,20
NO,24202,11,113,0.09734513274336283,24204,20
NO,24203,8,111,0.07207207207207207,24204,20
NO,24204,19,125,0.152,24204,20
NO,24205,8,110,0.07272727272727272,24204,20
NO,24206,9,132,0.06818181818181818,24204,20
NO,24207,8,76,0.10526315789473684,24204,20
NO,24209,11,143,0.07692307692307693,24204,20
NO,24210,6,150,0.04,24204,20
NO,24212,11,158,0.06962025316455696,24204,20
NO,24213,10,124,0.08064516129032258,24204,20
NO,24214,15,151,0.09933774834437085,24204,20
NO,24215,14,144,0.09722222222222222,24204,20
NO,24216,11,176,0.0625,24204,20
NO,24217,11,126,0.0873015873015873,24204,20
NO,24218,8,83,0.0963855421686747,24204,20
NO,24219,12,114,0.10526315789473684,24204,20
NO,24220,8,132,0.06060606060606061,24204,20
NO,24221,15,122,0.12295081967213115,24204,20
NO,24222,8,101,0.07920792079207921,24204,20
NO,24223,24,143,0.16783216783216784,24204,20
NO,24224,7,83,0.08433734939759036,24204,20
NO,24225,13,122,0.10655737704918032,24204,20
NO,24226,25,201,0.12437810945273632,24204,20
NO,24227,10,141,0.07092198581560284,24204,20
NO,24228,16,188,0.0851063829787234,24204,20
NO,24229,10,125,0.08,24204,20
NO,24230,9,103,0.08737864077669903,24204,20
NO,24231,17,120,0.14166666666666666,24204,20
NO,24232,20,145,0.13793103448275862,24204,20
NO,24233,15,120,0.125,24204,20
NO,24234,18,170,0.10588235294117647,24204,20
NO,24235,15,126,0.11904761904761904,24204,20
NO,24236,6,151,0.039735099337748346,24204,20
NO,24238,36,171,0.21052631578947367,24204,20
NO,24240,15,177,0.0847457627118644,24204,20
NO,24241,9,139,0.06474820143884892,24204,20
NO,24242,9,131,0.06870229007633588,24204,20
NO,24243,14,134,0.1044776119402985,24204,20
NO,24244,15,176,0.08522727272727272,24204,20
NO,24245,15,281,0.05338078291814947,24204,20
NO,24246,11,117,0.09401709401709402,24204,20
NO,24247,9,156,0.057692307692307696,24204,20
NO,24248,17,235,0.07234042553191489,24204,20
NO,24249,14,206,0.06796116504854369,24204,20
NO,24250,17,211,0.08056872037914692,24204,20
NO,24251,16,305,0.05245901639344262,24204,20
PL,24182,30,91,0.32967032967032966,24195,21
PL,24183,387,1080,0.35833333333333334,24195,21
PL,24184,285,1137,0.25065963060686014,24195,21
PL,24185,323,1161,0.27820844099913866,24195,21
PL,24186,410,1701,0.24103468547912993,24195,21
PL,24187,284,769,0.3693107932379714,24195,21
PL,24188,476,1328,0.35843373493975905,24195,21
PL,24189,365,1183,0.30853761622992393,24195,21
PL,24190,32,91,0.3516483516483517,24195,21
PL,24191,476,1158,0.4110535405872193,24195,21
PL,24192,273,1031,0.26479146459747815,24195,21
PL,24193,234,701,0.3338088445078459,24195,21
PL,24194,239,622,0.3842443729903537,24195,21
PL,24195,367,898,0.4086859688195991,24195,21
PL,24196,404,1133,0.35657546337157986,24195,21
PL,24197,300,889,0.3374578177727784,24195,21
PL,24198,284,707,0.4016973125884017,24195,21
PL,24199,208,638,0.32601880877742945,24195,21
PL,24200,242,485,0.49896907216494846,24195,21
PL,24201,172,548,0.31386861313868614,24195,21
PL,24202,172,406,0.4236453201970443,24195,21
PL,24203,148,387,0.38242894056847543,24195,21
PL,24204,366,968,0.378099173553719,24195,21
PL,24205,307,793,0.3871374527112232,24195,21
PL,24206,254,745,0.3409395973154362,24195,21
PL,24207,310,782,0.39641943734015345,24195,21
PL,24208,44,92,0.4782608695652174,24195,21
PL,24209,380,959,0.3962460896767466,24195,21
PL,24210,558,1264,0.44145569620253167,24195,21
PL,24211,33,61,0.5409836065573771,24195,21
PL,24212,514,1152,0.4461805555555556,24195,21
PL,24213,454,1089,0.41689623507805323,24195,21
PL,24214,474,1086,0.43646408839779005,24195,21
PL,24215,425,889,0.4780652418447694,24195,21
PL,24216,498,1320,0.37727272727272726,24195,21
PL,24217,507,1029,0.49271137026239065,24195,21
PL,24218,431,1010,0.4267326732673267,24195,21
PL,24219,503,1151,0.4370112945264987,24195,21
PL,24220,486,1173,0.4143222506393862,24195,21
PL,24221,484,1211,0.3996696944673823,24195,21
PL,24222,489,1206,0.4054726368159204,24195,21
PL,24223,512,1200,0.4266666666666667,24195,21
PL,24224,401,843,0.47568208778173193,24195,21
PL,24225,514,1193,0.4308466051969824,24195,21
PL,24226,487,1121,0.4344335414808207,24195,21
PL,24227,570,1242,0.45893719806763283,24195,21
PL,24228,941,1831,0.5139268159475696,24195,21
PL,24229,567,1178,0.48132427843803055,24195,21
PL,24230,452,880,0.5136363636363637,24195,21
PL,24231,538,1004,0.5358565737051793,24195,21
PL,24232,479,929,0.5156081808396125,24195,21
PL,24233,379,791,0.47914032869785084,24195,21
PL,24234,527,1187,0.44397641112047176,24195,21
PL,24235,432,914,0.4726477024070022,24195,21
PL,24236,441,984,0.4481707317073171,24195,21
PL,24237,59,158,0.37341772151898733,24195,21
PL,24238,549,1104,0.49728260869565216,24195,21
PL,24239,44,98,0.4489795918367347,24195,21
PL,24240,775,1532,0.5058746736292428,24195,21
PL,24241,565,1188,0.47558922558922556,24195,21
PL,24242,517,900,0.5744444444444444,24195,21
PL,24243,437,846,0.516548463356974,24195,21
PL,24244,427,956,0.446652719665272,24195,21
PL,24245,424,1056,0.4015151515151515,24195,21
PL,24246,453,1082,0.41866913123844735,24195,21
PL,24247,328,877,0.37400228050171036,24195,21
PL,24248,435,952,0.4569327731092437,24195,21
PL,24249,479,1160,0.41293103448275864,24195,21
PL,24250,404,1015,0.3980295566502463,24195,21
PL,24251,521,1195,0.43598326359832634,24195,21
PT,24183,6,46,0.13043478260869565,24195,22
PT,24184,104,174,0.5977011494252874,24195,22
PT,24186,5,65,0.07692307692307693,24195,22
PT,24187,6,30,0.2,24195,22
PT,24188,1,87,0.011494252873563218,24195,22
PT,24189,2,32,0.0625,24195,22
PT,24190,1,54,0.018518518518518517,24195,22
PT,24191,154,314,0.49044585987261147,24195,22
PT,24192,4,26,0.15384615384615385,24195,22
PT,24193,5,128,0.0390625,24195,22
PT,24194,6,99,0.06060606060606061,24195,22
PT,24195,8,41,0.1951219512195122,24195,22
PT,24196,3,97,0.030927835051546393,24195,22
PT,24197,2,171,0.011695906432748537,24195,22
PT,24198,3,57,0.05263157894736842,24195,22
PT,24199,4,273,0.014652014652014652,24195,22
PT,24201,9,32,0.28125,24195,22
PT,24202,3,30,0.1,24195,22
PT,24203,4,87,0.04597701149425287,24195,22
PT,24204,16,94,0.1702127659574468,24195,22
PT,24205,81,137,0.5912408759124088,24195,22
PT,24206,20,99,0.20202020202020202,24195,22
PT,24207,10,27,0.37037037037037035,24195,22
PT,24208,0,26,0.0,24195,22
PT,24209,17,59,0.288135593220339,24195,22
PT,24210,15,34,0.4411764705882353,24195,22
PT,24211,50,52,0.9615384615384616,24195,22
PT,24212,31,71,0.43661971830985913,24195,22
PT,24213,43,161,0.2670807453416149,24195,22
PT,24214,20,69,0.2898550724637681,24195,22
PT,24215,10,244,0.040983606557377046,24195,22
PT,24216,42,136,0.3088235294117647,24195,22
PT,24217,47,94,0.5,24195,22
PT,24218,45,166,0.2710843373493976,24195,22
PT,24219,30,112,0.26785714285714285,24195,22
PT,24220,42,103,0.4077669902912621,24195,22
PT,24221,11,61,0.18032786885245902,24195,22
PT,24222,28,129,0.21705426356589147,24195,22
PT,24223,16,52,0.3076923076923077,24195,22
PT,24224,17,221,0.07692307692307693,24195,22
PT,24225,71,362,0.19613259668508287,24195,22
PT,24226,118,488,0.24180327868852458,24195,22
PT,24227,22,120,0.18333333333333332,24195,22
PT,24228,42,119,0.35294117647058826,24195,22
PT,24229,56,136,0.4117647058823529,24195,22
PT,24230,55,144,0.3819444444444444,24195,22
PT,24231,46,140,0.32857142857142857,24195,22
PT,24232,69,209,0.33014354066985646,24195,22
PT,24233,25,114,0.21929824561403508,24195,22
PT,24234,63,232,0.27155172413793105,24195,22
PT,24235,29,207,0.14009661835748793,24195,22
PT,24236,16,102,0.1568627450980392,24195,22
PT,24238,61,182,0.33516483516483514,24195,22
PT,24240,53,192,0.2760416666666667,24195,22
PT,24241,52,186,0.27956989247311825,24195,22
PT,24242,90,220,0.4090909090909091,24195,22
PT,24243,40,105,0.38095238095238093,24195,22
PT,24244,81,159,0.5094339622641509,24195,22
PT,24245,76,121,0.628099173553719,24195,22
PT,24246,47,186,0.25268817204301075,24195,22
PT,24247,93,252,0.36904761904761907,24195,22
PT,24248,117,226,0.5176991150442478,24195,22
PT,24249,46,196,0.23469387755102042,24195,22
PT,24250,92,211,0.43601895734597157,24195,22
PT,24251,52,276,0.18840579710144928,24195,22
SE,24182,2,26,0.07692307692307693,24195,23
SE,24183,18,273,0.06593406593406594,24195,23
SE,24184,10,197,0.050761421319796954,24195,23
SE,24185,13,375,0.034666666666666665,24195,23
SE,24186,10,248,0.04032258064516129,24195,23
SE,24187,26,472,0.05508474576271186,24195,23
SE,24188,20,307,0.06514657980456026,24195,23
SE,24189,15,306,0.049019607843137254,24195,23
SE,24190,2,44,0.045454545454545456,24195,23
SE,24191,12,376,0.031914893617021274,24195,23
SE,24192,21,482,0.043568464730290454,24195,23
SE,24193,23,325,0.07076923076923076,24195,23
SE,24194,21,426,0.04929577464788732,24195,23
SE,24195,20,279,0.07168458781362007,24195,23
SE,24196,25,413,0.06053268765133172,24195,23
SE,24197,26,1389,0.018718502519798418,24195,23
SE,24198,19,215,0.08837209302325581,24195,23
SE,24199,19,501,0.03792415169660679,24195,23
SE,24200,16,286,0.055944055944055944,24195,23
SE,24201,26,362,0.0718232044198895,24195,23
SE,24202,13,300,0.043333333333333335,24195,23
SE,24203,26,474,0.05485232067510549,24195,23
SE,24204,23,480,0.04791666666666667,24195,23
SE,24205,20,498,0.040160642570281124,24195,23
SE,24206,25,318,0.07861635220125786,24195,23
SE,24207,15,269,0.055762081784386616,24195,23
SE,24208,3,70,0.04285714285714286,24195,23
SE,24209,38,416,0.09134615384615384,24195,23
SE,24210,21,266,0.07894736842105263,24195,23
SE,24211,5,78,0.0641025641025641,24195,23
SE,24212,48,396,0.12121212121212122,24195,23
SE,24213,26,398,0.06532663316582915,24195,23
SE,24214,28,385,0.07272727272727272,24195,23
SE,24215,38,421,0.09026128266033254,24195,23
SE,24216,38,590,0.06440677966101695,24195,23
SE,24217,35,497,0.07042253521126761,24195,23
SE,24218,60,537,0.11173184357541899,24195,23
SE,24219,35,513,0.0682261208576998,24195,23
SE,24220,33,542,0.06088560885608856,24195,23
SE,24221,46,705,0.06524822695035461,24195,23
SE,24222,31,586,0.052901023890784986,24195,23
SE,24223,50,503,0.09940357852882704,24195,23
SE,24224,22,386,0.05699481865284974,24195,23
SE,24225,44,500,0.088,24195,23
SE,24226,33,562,0.05871886120996441,24195,23
SE,24227,37,687,0.053857350800582245,24195,23
SE,24228,35,693,0.050505050505050504,24195,23
SE,24229,30,401,0.07481296758104738,24195,23
SE,24230,35,824,0.04247572815533981,24195,23
SE,24231,35,916,0.03820960698689956,24195,23
SE,24232,39,527,0.07400379506641366,24195,23
SE,24233,47,630,0.0746031746031746,24195,23
SE,24234,27,417,0.06474820143884892,24195,23
SE,24235,40,657,0.060882800608828,24195,23
SE,24236,31,386,0.08031088082901554,24195,23
SE,24237,2,75,0.02666666666666667,24195,23
SE,24238,52,839,0.06197854588796186,24195,23
SE,24240,36,632,0.056962025316455694,24195,23
SE,24241,58,836,0.06937799043062201,24195,23
SE,24242,31,673,0.04606240713224369,24195,23
SE,24243,34,560,0.060714285714285714,24195,23
SE,24244,48,727,0.06602475928473177,24195,23
SE,24245,34,633,0.053712480252764615,24195,23
SE,24246,31,461,0.06724511930585683,24195,23
SE,24247,25,493,0.05070993914807302,24195,23
SE,24248,29,558,0.05197132616487455,24195,23
SE,24249,25,439,0.05694760820045558,24195,23
SE,24250,22,671,0.03278688524590164,24195,23
SE,24251,28,455,0.06153846153846154,24195,23
SI,24183,14,34,0.4117647058823529,24221,24
SI,24184,26,43,0.6046511627906976,24221,24
SI,24185,16,28,0.5714285714285714,24221,24
SI,24186,39,75,0.52,24221,24
SI,24187,19,53,0.3584905660377358,24221,24
SI,24188,28,77,0.36363636363636365,24221,24
SI,24189,24,41,0.5853658536585366,24221,24
SI,24191,39,87,0.4482758620689655,24221,24
SI,24192,34,58,0.5862068965517241,24221,24
SI,24193,18,51,0.35294117647058826,24221,24
SI,24194,18,28,0.6428571428571429,24221,24
SI,24203,51,51,1.0,24221,24
SI,24204,187,223,0.8385650224215246,24221,24
SI,24205,52,175,0.29714285714285715,24221,24
SI,24206,34,83,0.40963855421686746,24221,24
SI,24207,293,361,0.8116343490304709,24221,24
SI,24208,9,23,0.391304347826087,24221,24
SI,24209,34,67,0.5074626865671642,24221,24
SI,24210,96,117,0.8205128205128205,24221,24
SI,24212,38,85,0.4470588235294118,24221,24
SI,24213,215,338,0.636094674556213,24221,24
SI,24214,88,179,0.49162011173184356,24221,24
SI,24215,73,239,0.3054393305439331,24221,24
SI,24216,243,293,0.8293515358361775,24221,24
SI,24217,87,188,0.4627659574468085,24221,24
SI,24218,31,102,0.30392156862745096,24221,24
SI,24219,122,419,0.2911694510739857,24221,24
SI,24220,31,48,0.6458333333333334,24221,24
SI,24221,49,115,0.4260869565217391,24221,24
SI,24222,169,218,0.7752293577981652,24221,24
SI,24223,69,121,0.5702479338842975,24221,24
SI,24224,27,51,0.5294117647058824,24221,24
SI,24225,155,208,0.7451923076923077,24221,24
SI,24226,89,141,0.6312056737588653,24221,24
SI,24227,49,89,0.550561797752809,24221,24
SI,24228,224,321,0.6978193146417445,24221,24
SI,24229,66,96,0.6875,24221,24
SI,24230,72,134,0.5373134328358209,24221,24
SI,24231,160,214,0.7476635514018691,24221,24
SI,24232,36,63,0.5714285714285714,24221,24
SI,24233,49,134,0.3656716417910448,24221,24
SI,24234,170,265,0.6415094339622641,24221,24
SI,24235,58,123,0.4715447154471545,24221,24
SI,24236,42,152,0.27631578947368424,24221,24
SI,24238,68,133,0.5112781954887218,24221,24
SI,24240,191,342,0.5584795321637427,24221,24
SI,24241,130,177,0.7344632768361582,24221,24
SI,24242,26,79,0.3291139240506329,24221,24
SI,24243,155,214,0.7242990654205608,24221,24
SI,24244,48,105,0.45714285714285713,24221,24
SI,24245,51,87,0.5862068965517241,24221,24
SI,24246,192,276,0.6956521739130435,24221,24
SI,24247,81,167,0.48502994011976047,24221,24
SI,24248,73,134,0.5447761194029851,24221,24
SI,24249,204,316,0.6455696202531646,24221,24
SI,24250,145,231,0.6277056277056277,24221,24
SI,24251,62,115,0.5391304347826087,24221,24
SK,24183,17,52,0.3269230769230769,24195,25
SK,24184,36,72,0.5,24195,25
SK,24185,27,90,0.3,24195,25
SK,24186,30,67,0.44776119402985076,24195,25
SK,24187,23,43,0.5348837209302325,24195,25
SK,24188,21,79,0.26582278481012656,24195,25
SK,24189,21,35,0.6,24195,25
SK,24191,31,49,0.6326530612244898,24195,25
SK,24192,24,45,0.5333333333333333,24195,25
SK,24193,21,51,0.4117647058823529,24195,25
SK,24194,22,83,0.26506024096385544,24195,25
SK,24195,12,45,0.26666666666666666,24195,25
SK,24204,14,20,0.7,24195,25
SK,24207,17,25,0.68,24195,25
SK,24210,16,43,0.37209302325581395,24195,25
SK,24213,7,41,0.17073170731707318,24195,25
SK,24214,17,37,0.4594594594594595,24195,25
SK,24215,9,28,0.32142857142857145,24195,25
SK,24216,13,32,0.40625,24195,25
SK,24220,19,38,0.5,24195,25
SK,24222,14,43,0.32558139534883723,24195,25
SK,24223,15,37,0.40540540540540543,24195,25
SK,24225,6,41,0.14634146341463414,24195,25
SK,24226,20,96,0.20833333333333334,24195,25
SK,24227,10,35,0.2857142857142857,24195,25
SK,24228,13,36,0.3611111111111111,24195,25
SK,24229,19,64,0.296875,24195,25
SK,24230,7,28,0.25,24195,25
SK,24231,13,31,0.41935483870967744,24195,25
SK,24233,43,81,0.5308641975308642,24195,25
SK,24234,9,31,0.2903225806451613,24195,25
SK,24235,7,36,0.19444444444444445,24195,25
SK,24236,10,47,0.2127659574468085,24195,25
SK,24238,24,61,0.39344262295081966,24195,25
SK,24240,17,46,0.3695652173913043,24195,25
SK,24241,8,27,0.2962962962962963,24195,25
SK,24242,13,42,0.30952380952380953,24195,25
SK,24243,14,31,0.45161290322580644,24195,25
SK,24244,9,43,0.20930232558139536,24195,25
SK,24245,4,20,0.2,24195,25
SK,24246,4,39,0.10256410256410256,24195,25
SK,24247,5,20,0.25,24195,25
SK,24248,14,38,0.3684210526315789,24195,25
SK,24249,22,75,0.29333333333333333,24195,25
SK,24250,11,26,0.4230769230769231,24195,25
SK,24251,15,34,0.4411764705882353,24195,25
